user_id,login_time,logout_time,content_watched,genres_watched,total_watch_time,num_pauses,buffer_events,was_recommended
u081,2025-06-02T00:47:00,2025-06-02T01:32:00,['s057'],['Comedy'],45,0,0,False
u004,2025-06-05T02:13:00,2025-06-05T02:52:00,"['s154', 's006', 's143']",['Comedy'],39,5,3,True
u057,2025-05-18T08:51:00,2025-05-18T09:01:00,['s178'],"['Action', 'Horror']",10,1,1,False
u013,2025-06-03T12:06:00,2025-06-03T13:01:00,"['s154', 's067']",['Comedy'],55,3,0,False
u010,2025-05-19T09:53:00,2025-05-19T11:23:00,"['s092', 's147', 's049']",['Drama'],90,5,1,False
u010,2025-05-09T07:55:00,2025-05-09T08:17:00,"['s071', 's116']","['Sci-Fi', 'Action']",22,2,1,False
u089,2025-05-07T21:41:00,2025-05-07T22:00:00,"['s162', 's043', 's136']",['Sci-Fi'],19,3,3,False
u081,2025-05-14T17:14:00,2025-05-14T18:51:00,"['s196', 's198']",['Sci-Fi'],97,0,2,False
u034,2025-06-03T06:58:00,2025-06-03T08:20:00,"['s080', 's054', 's167']","['Romance', 'Comedy']",82,3,1,False
u017,2025-05-29T23:35:00,2025-05-30T00:53:00,"['s191', 's149']","['Thriller', 'Romance']",78,2,1,True
u065,2025-05-21T02:48:00,2025-05-21T03:04:00,['s039'],['Horror'],16,5,3,True
u049,2025-05-24T19:29:00,2025-05-24T20:46:00,"['s141', 's002']",['Comedy'],77,4,2,False
u014,2025-05-27T13:10:00,2025-05-27T14:18:00,['s184'],"['Thriller', 'Sci-Fi']",68,4,0,False
u081,2025-05-20T19:12:00,2025-05-20T19:41:00,"['s195', 's041']",['Thriller'],29,2,3,True
u014,2025-05-07T11:56:00,2025-05-07T13:52:00,"['s061', 's014']",['Thriller'],116,0,0,False
u008,2025-05-12T17:49:00,2025-05-12T18:15:00,['s168'],"['Thriller', 'Sci-Fi']",26,2,3,True
u069,2025-05-12T23:44:00,2025-05-13T00:19:00,"['s079', 's102', 's171']","['Romance', 'Thriller']",35,3,0,True
u028,2025-06-03T10:01:00,2025-06-03T11:26:00,"['s058', 's150', 's056']",['Drama'],85,5,0,True
u008,2025-05-08T01:55:00,2025-05-08T02:47:00,['s131'],['Action'],52,5,3,True
u069,2025-06-01T23:59:00,2025-06-02T01:22:00,"['s121', 's062', 's104']",['Drama'],83,0,3,False
u054,2025-05-23T14:55:00,2025-05-23T16:38:00,['s172'],['Drama'],103,3,2,True
u031,2025-05-30T06:34:00,2025-05-30T07:41:00,['s108'],['Action'],67,3,1,True
u056,2025-05-11T17:06:00,2025-05-11T17:22:00,"['s138', 's003', 's023']",['Sci-Fi'],16,3,3,False
u027,2025-05-09T12:57:00,2025-05-09T13:14:00,['s097'],['Romance'],17,2,3,False
u054,2025-05-14T23:50:00,2025-05-15T01:11:00,"['s183', 's124', 's039']",['Action'],81,1,0,True
u095,2025-05-26T01:03:00,2025-05-26T02:27:00,"['s128', 's135']",['Drama'],84,4,0,True
u008,2025-05-17T02:43:00,2025-05-17T04:43:00,['s103'],['Thriller'],120,1,0,True
u053,2025-05-15T18:36:00,2025-05-15T19:52:00,"['s066', 's052']","['Sci-Fi', 'Action']",76,3,1,False
u058,2025-05-26T02:00:00,2025-05-26T03:08:00,"['s144', 's025', 's018']",['Thriller'],68,2,1,False
u008,2025-05-08T07:23:00,2025-05-08T08:09:00,['s112'],"['Thriller', 'Comedy']",46,4,0,False
u084,2025-06-02T04:16:00,2025-06-02T04:40:00,['s190'],['Action'],24,2,1,False
u026,2025-05-15T20:54:00,2025-05-15T21:37:00,"['s125', 's064', 's013']",['Comedy'],43,3,2,True
u000,2025-05-26T04:40:00,2025-05-26T05:23:00,['s189'],"['Thriller', 'Comedy']",43,3,0,True
u009,2025-05-08T22:57:00,2025-05-08T23:26:00,"['s009', 's094', 's149']",['Romance'],29,1,0,False
u046,2025-05-08T01:57:00,2025-05-08T02:52:00,['s174'],['Comedy'],55,0,2,False
u079,2025-05-13T04:59:00,2025-05-13T05:39:00,['s045'],"['Drama', 'Sci-Fi']",40,5,2,False
u085,2025-05-09T23:51:00,2025-05-10T00:32:00,"['s040', 's179']",['Romance'],41,0,3,True
u025,2025-05-10T14:22:00,2025-05-10T15:11:00,['s057'],['Comedy'],49,1,3,False
u035,2025-05-09T02:49:00,2025-05-09T03:34:00,"['s164', 's130']","['Comedy', 'Thriller']",45,2,0,True
u033,2025-05-31T18:16:00,2025-05-31T18:30:00,['s152'],"['Action', 'Comedy']",14,2,3,True
u049,2025-05-08T18:12:00,2025-05-08T18:54:00,['s181'],"['Drama', 'Thriller']",42,4,1,False
u055,2025-06-03T21:58:00,2025-06-03T22:50:00,"['s080', 's169', 's031']","['Thriller', 'Action']",52,5,3,False
u051,2025-05-14T09:35:00,2025-05-14T10:01:00,['s107'],"['Comedy', 'Horror']",26,1,2,False
u070,2025-05-10T00:19:00,2025-05-10T01:05:00,['s110'],"['Romance', 'Horror']",46,3,1,False
u094,2025-05-31T21:05:00,2025-05-31T21:51:00,"['s169', 's162', 's158']","['Drama', 'Sci-Fi']",46,5,2,True
u025,2025-06-01T00:02:00,2025-06-01T00:43:00,"['s156', 's196']",['Romance'],41,3,1,False
u063,2025-05-24T07:09:00,2025-05-24T08:42:00,"['s001', 's192', 's197']",['Horror'],93,3,1,True
u089,2025-05-20T14:03:00,2025-05-20T15:24:00,['s031'],"['Sci-Fi', 'Romance']",81,5,2,False
u078,2025-05-10T23:57:00,2025-05-11T01:11:00,"['s140', 's114']",['Comedy'],74,3,3,False
u096,2025-05-29T20:17:00,2025-05-29T22:05:00,"['s124', 's160', 's061']","['Romance', 'Drama']",108,5,2,True
u034,2025-05-26T10:57:00,2025-05-26T12:16:00,['s035'],['Sci-Fi'],79,3,1,True
u008,2025-05-23T13:21:00,2025-05-23T14:40:00,"['s106', 's015']",['Horror'],79,3,3,True
u097,2025-05-18T12:30:00,2025-05-18T12:40:00,"['s076', 's192']","['Horror', 'Romance']",10,4,1,False
u028,2025-05-28T13:31:00,2025-05-28T13:44:00,"['s086', 's171']","['Comedy', 'Sci-Fi']",13,3,1,True
u050,2025-05-18T18:42:00,2025-05-18T18:55:00,['s164'],"['Sci-Fi', 'Romance']",13,1,0,False
u048,2025-05-26T06:29:00,2025-05-26T07:20:00,"['s194', 's097']","['Horror', 'Romance']",51,2,0,False
u002,2025-05-13T17:03:00,2025-05-13T17:57:00,['s166'],['Horror'],54,5,0,True
u031,2025-05-30T00:39:00,2025-05-30T01:08:00,['s032'],"['Comedy', 'Drama']",29,4,1,False
u089,2025-05-28T11:10:00,2025-05-28T12:37:00,"['s191', 's183', 's029']",['Action'],87,0,0,False
u073,2025-05-15T12:25:00,2025-05-15T14:06:00,['s019'],['Drama'],101,5,2,True
u072,2025-05-11T01:22:00,2025-05-11T02:40:00,"['s169', 's094']",['Thriller'],78,5,2,True
u053,2025-05-10T15:06:00,2025-05-10T16:11:00,"['s162', 's117']",['Romance'],65,1,2,False
u059,2025-05-23T23:37:00,2025-05-24T00:21:00,"['s062', 's022']","['Romance', 'Sci-Fi']",44,3,3,False
u003,2025-05-21T10:11:00,2025-05-21T11:23:00,['s090'],"['Action', 'Horror']",72,4,2,True
u066,2025-05-30T02:15:00,2025-05-30T03:57:00,"['s125', 's142']",['Comedy'],102,3,3,False
u002,2025-06-03T09:14:00,2025-06-03T10:15:00,"['s062', 's078', 's169']","['Romance', 'Thriller']",61,4,2,False
u095,2025-05-19T10:22:00,2025-05-19T12:01:00,"['s069', 's078']","['Sci-Fi', 'Drama']",99,5,1,False
u015,2025-05-13T17:48:00,2025-05-13T19:26:00,['s049'],['Comedy'],98,3,2,False
u012,2025-05-10T06:18:00,2025-05-10T06:57:00,"['s045', 's077']",['Comedy'],39,4,1,False
u005,2025-06-04T17:18:00,2025-06-04T18:57:00,['s163'],"['Drama', 'Horror']",99,4,2,False
u061,2025-05-22T10:11:00,2025-05-22T10:27:00,"['s122', 's029']",['Romance'],16,3,0,True
u019,2025-06-01T18:19:00,2025-06-01T18:39:00,['s030'],"['Thriller', 'Horror']",20,4,1,False
u057,2025-05-07T14:19:00,2025-05-07T16:19:00,"['s109', 's078', 's145']",['Thriller'],120,5,0,True
u080,2025-05-30T08:42:00,2025-05-30T09:02:00,['s061'],['Thriller'],20,0,1,True
u052,2025-05-22T22:38:00,2025-05-22T23:48:00,"['s008', 's059']","['Comedy', 'Action']",70,5,3,True
u087,2025-05-29T08:50:00,2025-05-29T10:41:00,"['s150', 's169', 's050']","['Drama', 'Thriller']",111,1,1,False
u018,2025-06-03T01:10:00,2025-06-03T03:01:00,"['s152', 's191']","['Romance', 'Drama']",111,3,2,False
u034,2025-05-20T17:31:00,2025-05-20T18:37:00,['s153'],['Romance'],66,5,2,False
u003,2025-06-03T07:43:00,2025-06-03T09:40:00,"['s150', 's005', 's195']","['Thriller', 'Drama']",117,1,3,False
u035,2025-05-31T18:27:00,2025-05-31T19:58:00,"['s023', 's120']","['Romance', 'Action']",91,2,0,True
u042,2025-05-23T22:31:00,2025-05-23T23:17:00,"['s102', 's194', 's140']",['Romance'],46,0,2,False
u041,2025-06-02T12:55:00,2025-06-02T14:10:00,['s168'],"['Romance', 'Drama']",75,1,2,False
u080,2025-05-22T01:13:00,2025-05-22T01:57:00,"['s033', 's073', 's112']","['Drama', 'Horror']",44,5,1,True
u039,2025-05-19T00:35:00,2025-05-19T01:37:00,['s057'],['Romance'],62,0,1,False
u091,2025-05-27T16:45:00,2025-05-27T17:29:00,"['s123', 's120']",['Romance'],44,4,1,False
u024,2025-05-07T19:32:00,2025-05-07T21:17:00,['s017'],"['Horror', 'Romance']",105,2,2,True
u036,2025-05-13T09:53:00,2025-05-13T11:18:00,"['s168', 's125', 's038']","['Thriller', 'Romance']",85,2,2,False
u058,2025-05-07T10:55:00,2025-05-07T11:29:00,"['s061', 's146', 's098']",['Horror'],34,3,0,False
u095,2025-05-21T22:58:00,2025-05-22T00:51:00,"['s098', 's169']",['Romance'],113,0,1,False
u012,2025-05-09T14:06:00,2025-05-09T15:23:00,"['s003', 's184']",['Romance'],77,5,1,True
u060,2025-05-11T08:21:00,2025-05-11T09:50:00,"['s101', 's166', 's020']","['Horror', 'Comedy']",89,4,3,False
u080,2025-05-14T15:55:00,2025-05-14T17:14:00,['s158'],['Sci-Fi'],79,5,2,True
u095,2025-06-03T13:06:00,2025-06-03T14:53:00,"['s180', 's025', 's113']",['Comedy'],107,2,0,True
u041,2025-05-11T01:18:00,2025-05-11T02:13:00,"['s110', 's037']",['Thriller'],55,3,1,True
u022,2025-06-03T19:55:00,2025-06-03T20:53:00,"['s174', 's061', 's127']",['Sci-Fi'],58,3,2,False
u032,2025-05-15T00:57:00,2025-05-15T02:49:00,"['s073', 's173']",['Drama'],112,3,2,False
u081,2025-05-23T22:16:00,2025-05-23T23:24:00,"['s050', 's098']","['Drama', 'Sci-Fi']",68,3,2,False
u089,2025-05-27T00:53:00,2025-05-27T02:27:00,"['s070', 's002']",['Thriller'],94,5,3,False
u099,2025-05-11T07:38:00,2025-05-11T09:30:00,"['s056', 's162']",['Thriller'],112,2,1,True
u080,2025-05-16T01:19:00,2025-05-16T03:09:00,"['s008', 's148']","['Comedy', 'Sci-Fi']",110,0,2,False
u095,2025-05-23T05:12:00,2025-05-23T05:38:00,"['s093', 's135', 's128']","['Horror', 'Sci-Fi']",26,2,3,False
u095,2025-05-09T10:51:00,2025-05-09T11:15:00,"['s019', 's036']",['Horror'],24,5,3,False
u011,2025-05-11T12:00:00,2025-05-11T12:43:00,"['s031', 's116', 's094']","['Thriller', 'Romance']",43,5,2,True
u086,2025-05-29T15:01:00,2025-05-29T16:30:00,"['s083', 's156', 's056']",['Comedy'],89,3,2,False
u014,2025-06-01T01:02:00,2025-06-01T01:50:00,"['s029', 's024']",['Thriller'],48,1,3,False
u047,2025-05-15T23:44:00,2025-05-16T01:03:00,"['s150', 's190']",['Romance'],79,5,0,False
u078,2025-05-23T08:02:00,2025-05-23T09:40:00,"['s055', 's113']","['Sci-Fi', 'Action']",98,0,2,False
u007,2025-05-24T08:12:00,2025-05-24T08:37:00,"['s023', 's169']",['Comedy'],25,5,0,True
u042,2025-05-29T04:50:00,2025-05-29T06:12:00,['s017'],['Thriller'],82,1,1,False
u099,2025-06-01T19:00:00,2025-06-01T19:45:00,['s033'],"['Horror', 'Sci-Fi']",45,0,0,True
u001,2025-05-25T07:37:00,2025-05-25T08:28:00,['s044'],"['Drama', 'Sci-Fi']",51,5,3,True
u095,2025-06-03T15:28:00,2025-06-03T17:17:00,"['s131', 's151']",['Romance'],109,4,1,True
u093,2025-05-11T21:33:00,2025-05-11T22:21:00,"['s164', 's007']",['Romance'],48,3,3,True
u062,2025-05-14T14:04:00,2025-05-14T14:24:00,"['s155', 's037']",['Sci-Fi'],20,2,2,False
u076,2025-05-20T09:29:00,2025-05-20T10:43:00,"['s110', 's025', 's179']",['Horror'],74,5,1,False
u057,2025-05-08T07:26:00,2025-05-08T08:19:00,"['s102', 's106']",['Action'],53,3,2,False
u047,2025-06-01T21:59:00,2025-06-01T23:09:00,['s023'],['Drama'],70,3,0,False
u016,2025-05-19T01:37:00,2025-05-19T02:58:00,"['s084', 's171', 's031']","['Action', 'Comedy']",81,3,0,False
u076,2025-05-27T11:06:00,2025-05-27T12:29:00,"['s054', 's039', 's168']","['Sci-Fi', 'Drama']",83,2,2,True
u097,2025-05-28T18:14:00,2025-05-28T20:07:00,"['s143', 's196']",['Thriller'],113,5,2,True
u023,2025-05-28T22:48:00,2025-05-28T23:37:00,"['s089', 's001']",['Horror'],49,1,3,True
u018,2025-05-13T20:01:00,2025-05-13T20:22:00,"['s135', 's055', 's096']","['Romance', 'Action']",21,1,2,False
u092,2025-05-26T18:38:00,2025-05-26T18:58:00,['s039'],['Horror'],20,4,0,True
u034,2025-05-22T21:27:00,2025-05-22T22:39:00,"['s113', 's106', 's069']",['Horror'],72,4,0,False
u055,2025-06-02T09:43:00,2025-06-02T11:19:00,"['s124', 's134', 's170']","['Drama', 'Sci-Fi']",96,3,0,True
u026,2025-05-27T06:49:00,2025-05-27T07:16:00,"['s074', 's083']",['Drama'],27,3,3,True
u016,2025-05-24T17:45:00,2025-05-24T18:24:00,"['s143', 's171', 's090']",['Romance'],39,5,0,False
u002,2025-05-22T02:55:00,2025-05-22T03:45:00,"['s109', 's146', 's103']","['Action', 'Drama']",50,3,0,False
u021,2025-05-11T19:29:00,2025-05-11T21:25:00,"['s092', 's022', 's111']",['Sci-Fi'],116,3,3,True
u050,2025-05-09T09:47:00,2025-05-09T10:40:00,['s085'],['Drama'],53,4,0,True
u099,2025-05-25T11:46:00,2025-05-25T13:40:00,"['s037', 's060', 's026']",['Action'],114,1,1,True
u097,2025-05-12T20:04:00,2025-05-12T20:36:00,"['s126', 's118', 's193']","['Comedy', 'Thriller']",32,5,2,False
u019,2025-05-22T02:30:00,2025-05-22T03:36:00,"['s077', 's070', 's151']",['Action'],66,4,0,False
u059,2025-05-22T01:03:00,2025-05-22T02:00:00,"['s019', 's165']",['Thriller'],57,4,3,False
u074,2025-05-19T23:57:00,2025-05-20T00:12:00,"['s146', 's166']",['Action'],15,4,3,True
u007,2025-05-22T03:51:00,2025-05-22T05:48:00,"['s182', 's021']",['Drama'],117,1,3,False
u067,2025-05-20T19:10:00,2025-05-20T20:06:00,"['s072', 's099']","['Horror', 'Action']",56,5,0,False
u008,2025-05-26T03:35:00,2025-05-26T05:11:00,"['s072', 's064']",['Action'],96,0,1,False
u039,2025-05-16T22:42:00,2025-05-16T23:42:00,['s152'],['Action'],60,4,3,False
u016,2025-05-15T22:53:00,2025-05-16T00:37:00,"['s134', 's023', 's165']","['Thriller', 'Action']",104,0,2,False
u023,2025-05-30T10:49:00,2025-05-30T12:01:00,['s057'],['Sci-Fi'],72,0,2,True
u064,2025-05-12T17:53:00,2025-05-12T19:37:00,"['s009', 's169', 's086']",['Thriller'],104,3,1,True
u023,2025-05-10T22:49:00,2025-05-11T00:18:00,['s184'],"['Drama', 'Romance']",89,2,1,False
u078,2025-05-27T23:50:00,2025-05-28T00:57:00,['s136'],['Action'],67,3,1,False
u086,2025-05-18T14:29:00,2025-05-18T16:17:00,"['s199', 's097']","['Sci-Fi', 'Horror']",108,4,1,False
u006,2025-05-16T15:55:00,2025-05-16T16:52:00,"['s026', 's182', 's132']",['Action'],57,0,1,False
u057,2025-05-08T16:09:00,2025-05-08T18:05:00,"['s023', 's056']","['Action', 'Drama']",116,3,0,False
u064,2025-05-25T07:24:00,2025-05-25T07:44:00,"['s057', 's007']","['Drama', 'Comedy']",20,5,2,True
u017,2025-06-04T09:58:00,2025-06-04T11:54:00,"['s178', 's035']","['Romance', 'Thriller']",116,0,0,True
u032,2025-05-30T04:35:00,2025-05-30T06:18:00,"['s135', 's108', 's028']","['Sci-Fi', 'Action']",103,0,0,True
u053,2025-05-16T19:29:00,2025-05-16T19:47:00,['s127'],['Comedy'],18,4,1,True
u037,2025-05-23T00:39:00,2025-05-23T01:34:00,['s146'],"['Sci-Fi', 'Comedy']",55,5,0,False
u008,2025-05-20T17:32:00,2025-05-20T19:22:00,"['s141', 's005', 's099']","['Drama', 'Comedy']",110,3,2,False
u095,2025-06-05T11:50:00,2025-06-05T12:08:00,"['s061', 's187']",['Horror'],18,4,2,True
u005,2025-05-25T17:21:00,2025-05-25T19:15:00,"['s044', 's199', 's175']","['Comedy', 'Romance']",114,5,1,True
u008,2025-05-14T14:02:00,2025-05-14T14:49:00,['s011'],['Drama'],47,2,2,False
u069,2025-05-21T08:02:00,2025-05-21T09:48:00,"['s048', 's073', 's091']",['Horror'],106,5,2,False
u015,2025-05-11T11:27:00,2025-05-11T12:28:00,"['s112', 's098', 's086']",['Romance'],61,5,3,False
u066,2025-05-28T02:46:00,2025-05-28T03:50:00,['s110'],['Thriller'],64,2,2,True
u010,2025-05-26T21:18:00,2025-05-26T22:07:00,"['s154', 's183']","['Sci-Fi', 'Comedy']",49,3,2,False
u005,2025-05-13T11:39:00,2025-05-13T12:44:00,"['s163', 's014']",['Comedy'],65,5,3,False
u065,2025-05-11T23:43:00,2025-05-12T00:13:00,['s036'],"['Drama', 'Sci-Fi']",30,0,1,False
u046,2025-05-24T18:02:00,2025-05-24T19:29:00,['s173'],"['Action', 'Horror']",87,3,0,True
u067,2025-05-25T12:20:00,2025-05-25T13:53:00,"['s063', 's029']",['Comedy'],93,1,3,False
u071,2025-06-02T08:49:00,2025-06-02T09:32:00,"['s114', 's054', 's156']","['Comedy', 'Romance']",43,1,0,True
u009,2025-05-22T05:57:00,2025-05-22T07:38:00,"['s022', 's174']","['Comedy', 'Action']",101,5,0,False
u038,2025-05-09T05:45:00,2025-05-09T07:25:00,"['s163', 's044', 's092']",['Drama'],100,1,1,True
u063,2025-06-05T11:35:00,2025-06-05T12:58:00,"['s119', 's141']",['Thriller'],83,0,0,False
u050,2025-05-14T23:30:00,2025-05-15T00:47:00,"['s196', 's104']",['Sci-Fi'],77,2,0,False
u059,2025-05-15T16:22:00,2025-05-15T16:48:00,"['s163', 's150', 's046']",['Romance'],26,4,0,True
u066,2025-06-01T09:10:00,2025-06-01T09:40:00,"['s181', 's057']","['Thriller', 'Action']",30,0,2,True
u081,2025-05-19T08:08:00,2025-05-19T09:38:00,"['s157', 's136']",['Thriller'],90,5,1,True
u021,2025-05-15T19:46:00,2025-05-15T21:13:00,"['s144', 's010']",['Drama'],87,0,2,True
u098,2025-05-18T13:39:00,2025-05-18T15:10:00,['s127'],"['Comedy', 'Action']",91,3,1,False
u038,2025-05-22T02:44:00,2025-05-22T03:01:00,['s112'],"['Romance', 'Horror']",17,1,2,True
u040,2025-05-09T22:20:00,2025-05-10T00:03:00,"['s102', 's033']","['Thriller', 'Horror']",103,0,2,True
u059,2025-06-02T08:28:00,2025-06-02T09:09:00,['s024'],['Action'],41,3,3,True
u020,2025-05-10T10:59:00,2025-05-10T12:22:00,"['s080', 's048', 's195']",['Romance'],83,4,3,False
u039,2025-05-21T00:05:00,2025-05-21T01:05:00,"['s117', 's061', 's055']","['Drama', 'Horror']",60,2,3,False
u036,2025-05-19T00:54:00,2025-05-19T01:17:00,"['s034', 's067']","['Horror', 'Romance']",23,2,0,False
u006,2025-05-18T17:12:00,2025-05-18T18:08:00,"['s073', 's018', 's098']","['Horror', 'Thriller']",56,2,0,True
u012,2025-05-24T11:50:00,2025-05-24T12:43:00,"['s093', 's193', 's036']",['Thriller'],53,4,3,True
u005,2025-06-04T04:45:00,2025-06-04T05:37:00,"['s132', 's116']",['Thriller'],52,4,1,False
u078,2025-05-26T05:25:00,2025-05-26T06:53:00,"['s076', 's151', 's086']","['Comedy', 'Thriller']",88,2,3,True
u047,2025-05-26T21:07:00,2025-05-26T22:10:00,"['s078', 's185', 's176']",['Thriller'],63,3,2,True
u092,2025-06-04T18:30:00,2025-06-04T19:01:00,"['s161', 's184', 's158']","['Sci-Fi', 'Comedy']",31,1,0,True
u024,2025-06-05T14:20:00,2025-06-05T15:23:00,['s105'],['Romance'],63,4,3,True
u090,2025-06-01T16:13:00,2025-06-01T17:34:00,"['s169', 's122']","['Action', 'Sci-Fi']",81,3,2,False
u086,2025-05-12T23:43:00,2025-05-13T01:15:00,"['s067', 's156', 's123']",['Sci-Fi'],92,2,2,True
u038,2025-05-12T09:45:00,2025-05-12T10:21:00,"['s180', 's125', 's081']","['Action', 'Thriller']",36,5,2,False
u015,2025-05-18T21:34:00,2025-05-18T22:32:00,"['s088', 's197']",['Action'],58,0,2,True
u044,2025-05-07T14:41:00,2025-05-07T15:23:00,"['s122', 's054', 's051']","['Thriller', 'Comedy']",42,2,1,True
u078,2025-05-13T18:15:00,2025-05-13T18:56:00,['s171'],['Comedy'],41,1,0,True
u052,2025-05-26T22:30:00,2025-05-26T22:52:00,"['s197', 's035', 's001']",['Romance'],22,5,3,False
u083,2025-05-30T09:20:00,2025-05-30T10:06:00,"['s015', 's196', 's022']",['Thriller'],46,5,0,True
u053,2025-05-08T05:59:00,2025-05-08T06:13:00,"['s126', 's047']","['Drama', 'Horror']",14,2,0,False
u036,2025-05-22T20:34:00,2025-05-22T21:51:00,"['s034', 's129']","['Action', 'Sci-Fi']",77,0,2,True
u093,2025-05-22T20:16:00,2025-05-22T21:57:00,['s003'],"['Horror', 'Action']",101,4,1,True
u078,2025-05-09T20:57:00,2025-05-09T21:58:00,"['s131', 's083']",['Romance'],61,5,0,True
u017,2025-05-21T10:59:00,2025-05-21T11:40:00,['s066'],"['Sci-Fi', 'Romance']",41,2,2,False
u074,2025-05-13T18:00:00,2025-05-13T18:43:00,"['s092', 's177', 's060']",['Comedy'],43,0,3,False
u020,2025-05-24T21:32:00,2025-05-24T23:12:00,"['s176', 's030']","['Action', 'Thriller']",100,1,1,True
u061,2025-06-01T14:47:00,2025-06-01T16:14:00,"['s106', 's179']","['Horror', 'Thriller']",87,5,1,True
u087,2025-05-12T19:55:00,2025-05-12T21:45:00,['s134'],"['Thriller', 'Comedy']",110,2,0,True
u007,2025-05-10T17:57:00,2025-05-10T19:11:00,['s146'],['Sci-Fi'],74,2,3,True
u087,2025-05-30T22:37:00,2025-05-30T23:49:00,['s130'],"['Horror', 'Drama']",72,3,1,False
u058,2025-05-18T01:35:00,2025-05-18T02:44:00,"['s078', 's185', 's005']","['Action', 'Drama']",69,5,1,True
u005,2025-05-23T11:44:00,2025-05-23T12:02:00,"['s015', 's017', 's120']",['Action'],18,3,1,True
u098,2025-05-16T23:41:00,2025-05-17T00:44:00,"['s097', 's114']","['Romance', 'Drama']",63,5,1,False
u015,2025-05-31T17:25:00,2025-05-31T18:42:00,['s186'],['Horror'],77,0,0,False
u059,2025-05-15T23:34:00,2025-05-16T00:38:00,"['s097', 's058', 's063']","['Action', 'Sci-Fi']",64,2,1,True
u004,2025-05-11T21:26:00,2025-05-11T22:54:00,['s061'],['Drama'],88,0,0,False
u076,2025-05-15T22:55:00,2025-05-15T23:11:00,['s189'],['Romance'],16,3,1,True
u096,2025-05-09T01:08:00,2025-05-09T02:22:00,"['s059', 's187']","['Thriller', 'Horror']",74,5,2,True
u038,2025-05-08T04:42:00,2025-05-08T05:58:00,['s105'],"['Action', 'Drama']",76,4,1,False
u071,2025-05-21T01:22:00,2025-05-21T02:54:00,"['s097', 's134', 's081']","['Romance', 'Sci-Fi']",92,2,3,True
u096,2025-05-19T15:15:00,2025-05-19T17:13:00,['s076'],['Horror'],118,3,0,False
u053,2025-05-19T16:08:00,2025-05-19T17:07:00,['s065'],['Action'],59,5,0,False
u047,2025-06-03T17:46:00,2025-06-03T19:42:00,['s013'],"['Romance', 'Comedy']",116,4,0,True
u024,2025-05-11T18:46:00,2025-05-11T20:21:00,"['s055', 's122', 's053']","['Action', 'Drama']",95,1,1,True
u095,2025-05-12T15:58:00,2025-05-12T16:39:00,"['s154', 's180', 's052']","['Sci-Fi', 'Thriller']",41,2,2,False
u059,2025-05-19T20:22:00,2025-05-19T21:11:00,"['s092', 's131']","['Romance', 'Drama']",49,5,3,False
u026,2025-05-25T10:26:00,2025-05-25T10:41:00,"['s056', 's189', 's037']",['Action'],15,4,3,False
u019,2025-05-30T10:14:00,2025-05-30T11:12:00,"['s062', 's127', 's140']","['Action', 'Romance']",58,5,3,False
u021,2025-05-13T11:10:00,2025-05-13T11:37:00,"['s139', 's125', 's047']",['Thriller'],27,0,0,True
u097,2025-06-05T13:08:00,2025-06-05T15:05:00,"['s059', 's017', 's181']",['Drama'],117,1,3,False
u007,2025-05-17T20:42:00,2025-05-17T22:10:00,"['s168', 's124']",['Drama'],88,4,3,True
u002,2025-05-20T23:17:00,2025-05-21T00:35:00,"['s004', 's128']","['Horror', 'Sci-Fi']",78,0,0,True
u030,2025-05-30T19:33:00,2025-05-30T20:15:00,"['s068', 's101']",['Action'],42,3,3,True
u089,2025-05-29T09:43:00,2025-05-29T11:38:00,['s167'],['Drama'],115,3,3,False
u070,2025-05-21T01:40:00,2025-05-21T01:51:00,"['s043', 's021', 's127']","['Comedy', 'Action']",11,4,0,True
u029,2025-05-30T22:56:00,2025-05-31T00:18:00,"['s069', 's011']",['Comedy'],82,2,0,True
u040,2025-06-05T06:37:00,2025-06-05T07:05:00,"['s101', 's019', 's076']",['Thriller'],28,1,3,False
u049,2025-05-12T23:08:00,2025-05-13T00:59:00,"['s185', 's020', 's128']","['Drama', 'Horror']",111,3,1,True
u043,2025-05-17T19:38:00,2025-05-17T20:38:00,"['s007', 's162']","['Horror', 'Romance']",60,3,1,False
u070,2025-05-24T13:11:00,2025-05-24T14:48:00,"['s169', 's097', 's021']","['Horror', 'Sci-Fi']",97,5,0,True
u034,2025-06-01T12:45:00,2025-06-01T14:35:00,"['s039', 's189', 's099']","['Action', 'Drama']",110,0,0,False
u056,2025-05-25T08:06:00,2025-05-25T08:32:00,['s047'],"['Romance', 'Thriller']",26,4,3,True
u003,2025-06-03T11:35:00,2025-06-03T11:56:00,"['s153', 's083', 's098']",['Action'],21,3,3,True
u092,2025-05-08T17:57:00,2025-05-08T18:38:00,"['s133', 's043', 's175']","['Sci-Fi', 'Horror']",41,2,2,False
u063,2025-06-01T02:10:00,2025-06-01T03:15:00,"['s107', 's076']","['Horror', 'Drama']",65,2,2,True
u092,2025-05-16T15:38:00,2025-05-16T17:06:00,['s117'],['Sci-Fi'],88,2,0,False
u042,2025-05-10T19:24:00,2025-05-10T21:16:00,"['s112', 's085']","['Horror', 'Comedy']",112,4,1,False
u041,2025-05-17T22:12:00,2025-05-17T23:23:00,"['s045', 's101']","['Action', 'Comedy']",71,5,3,True
u041,2025-05-24T08:52:00,2025-05-24T10:42:00,"['s093', 's029']",['Thriller'],110,4,1,True
u093,2025-05-22T22:13:00,2025-05-22T23:19:00,"['s177', 's017']","['Comedy', 'Romance']",66,1,2,True
u032,2025-05-15T04:45:00,2025-05-15T05:49:00,"['s018', 's114']","['Thriller', 'Romance']",64,4,3,True
u046,2025-05-14T17:38:00,2025-05-14T19:09:00,['s027'],['Comedy'],91,5,2,True
u082,2025-05-17T01:36:00,2025-05-17T03:08:00,"['s165', 's102', 's192']","['Horror', 'Romance']",92,0,0,True
u033,2025-05-29T16:47:00,2025-05-29T18:03:00,"['s148', 's176', 's147']",['Romance'],76,2,3,False
u098,2025-05-15T18:44:00,2025-05-15T19:58:00,['s088'],['Romance'],74,0,2,False
u010,2025-06-02T23:09:00,2025-06-03T00:03:00,"['s087', 's116']",['Thriller'],54,3,2,False
u012,2025-05-22T23:44:00,2025-05-23T00:51:00,"['s017', 's076']",['Horror'],67,5,0,True
u043,2025-05-16T03:43:00,2025-05-16T05:35:00,['s189'],['Thriller'],112,1,1,False
u071,2025-05-23T14:14:00,2025-05-23T16:06:00,"['s161', 's047']",['Comedy'],112,5,3,False
u003,2025-05-13T19:56:00,2025-05-13T20:31:00,"['s151', 's109']","['Drama', 'Comedy']",35,1,1,False
u096,2025-05-14T02:36:00,2025-05-14T02:59:00,"['s047', 's093', 's083']",['Romance'],23,0,2,False
u067,2025-05-16T10:38:00,2025-05-16T11:37:00,"['s100', 's150', 's029']","['Action', 'Romance']",59,4,1,False
u078,2025-05-18T02:43:00,2025-05-18T03:10:00,"['s030', 's061']","['Drama', 'Sci-Fi']",27,2,1,False
u053,2025-05-17T04:36:00,2025-05-17T05:35:00,"['s047', 's124']",['Thriller'],59,1,3,False
u017,2025-05-31T10:53:00,2025-05-31T12:00:00,"['s013', 's091', 's002']","['Sci-Fi', 'Horror']",67,3,3,False
u087,2025-05-21T13:45:00,2025-05-21T15:42:00,"['s125', 's042']",['Thriller'],117,0,1,False
u004,2025-05-28T07:34:00,2025-05-28T08:20:00,['s199'],"['Thriller', 'Comedy']",46,3,0,True
u034,2025-05-12T17:52:00,2025-05-12T18:48:00,"['s193', 's010', 's194']","['Thriller', 'Sci-Fi']",56,3,0,True
u038,2025-05-09T01:28:00,2025-05-09T02:11:00,"['s022', 's112']",['Horror'],43,1,1,False
u090,2025-05-17T20:27:00,2025-05-17T20:58:00,"['s035', 's052', 's015']","['Thriller', 'Action']",31,4,1,False
u090,2025-05-27T09:36:00,2025-05-27T10:20:00,"['s173', 's024', 's034']","['Drama', 'Action']",44,5,1,True
u031,2025-06-01T22:20:00,2025-06-02T00:16:00,['s194'],"['Romance', 'Sci-Fi']",116,4,2,False
u048,2025-05-22T02:40:00,2025-05-22T04:31:00,['s103'],"['Comedy', 'Action']",111,3,3,False
u074,2025-06-05T23:05:00,2025-06-06T00:48:00,"['s162', 's170']","['Horror', 'Drama']",103,4,3,True
u054,2025-05-10T06:31:00,2025-05-10T07:15:00,"['s072', 's086']",['Thriller'],44,3,2,True
u005,2025-06-02T20:50:00,2025-06-02T22:47:00,"['s004', 's031']",['Romance'],117,3,0,False
u025,2025-05-14T04:56:00,2025-05-14T06:29:00,"['s040', 's070']",['Comedy'],93,2,2,True
u047,2025-05-15T20:10:00,2025-05-15T20:26:00,"['s160', 's078']",['Romance'],16,5,0,True
u000,2025-05-30T15:04:00,2025-05-30T15:30:00,"['s057', 's132', 's174']","['Drama', 'Horror']",26,5,2,True
u054,2025-05-14T04:30:00,2025-05-14T04:49:00,['s098'],['Comedy'],19,0,0,False
u047,2025-05-08T09:08:00,2025-05-08T10:06:00,['s164'],['Drama'],58,4,0,True
u056,2025-05-25T23:13:00,2025-05-26T00:43:00,"['s038', 's105', 's157']","['Horror', 'Sci-Fi']",90,0,0,True
u096,2025-06-02T18:46:00,2025-06-02T19:45:00,"['s109', 's080']",['Sci-Fi'],59,2,0,True
u070,2025-05-17T19:46:00,2025-05-17T21:13:00,"['s199', 's176']",['Horror'],87,5,2,True
u066,2025-05-17T16:12:00,2025-05-17T17:57:00,"['s075', 's165']",['Horror'],105,1,3,False
u014,2025-05-29T15:40:00,2025-05-29T17:06:00,['s135'],['Action'],86,2,1,False
u072,2025-05-23T11:34:00,2025-05-23T13:11:00,['s195'],"['Horror', 'Drama']",97,0,0,True
u033,2025-05-30T01:59:00,2025-05-30T02:16:00,"['s129', 's073']","['Romance', 'Comedy']",17,3,0,True
u035,2025-06-03T09:05:00,2025-06-03T10:20:00,['s039'],"['Romance', 'Thriller']",75,5,0,False
u089,2025-05-23T23:54:00,2025-05-24T00:34:00,['s062'],['Romance'],40,0,3,True
u039,2025-05-15T23:42:00,2025-05-16T01:26:00,['s030'],['Comedy'],104,1,0,True
u063,2025-05-25T16:33:00,2025-05-25T18:23:00,"['s066', 's042', 's095']",['Comedy'],110,2,0,True
u042,2025-05-11T13:17:00,2025-05-11T14:34:00,['s067'],['Romance'],77,3,2,True
u063,2025-05-09T18:10:00,2025-05-09T19:07:00,['s065'],['Thriller'],57,5,0,True
u094,2025-05-20T00:02:00,2025-05-20T02:01:00,['s062'],['Romance'],119,2,3,True
u022,2025-05-07T01:35:00,2025-05-07T03:27:00,"['s189', 's167', 's107']",['Action'],112,1,3,False
u034,2025-05-10T02:36:00,2025-05-10T03:33:00,['s128'],['Sci-Fi'],57,1,0,False
u008,2025-05-08T14:55:00,2025-05-08T15:41:00,"['s083', 's022']","['Drama', 'Action']",46,1,2,False
u094,2025-05-17T07:29:00,2025-05-17T08:26:00,"['s126', 's197', 's198']",['Comedy'],57,4,1,True
u000,2025-05-07T13:01:00,2025-05-07T13:40:00,"['s088', 's162', 's177']",['Action'],39,0,3,False
u013,2025-05-30T16:15:00,2025-05-30T17:18:00,"['s015', 's036']","['Drama', 'Horror']",63,1,3,False
u058,2025-05-13T02:37:00,2025-05-13T02:59:00,"['s034', 's163', 's100']",['Thriller'],22,4,0,False
u084,2025-06-01T07:18:00,2025-06-01T08:01:00,"['s100', 's179']","['Action', 'Romance']",43,2,1,True
u025,2025-06-01T18:06:00,2025-06-01T18:35:00,['s042'],"['Romance', 'Action']",29,3,0,False
u098,2025-05-30T14:19:00,2025-05-30T15:28:00,"['s030', 's023']",['Horror'],69,5,2,True
u027,2025-05-10T10:09:00,2025-05-10T10:30:00,"['s063', 's091', 's101']",['Comedy'],21,2,2,True
u003,2025-05-24T14:35:00,2025-05-24T16:20:00,"['s063', 's024', 's118']",['Horror'],105,1,0,True
u007,2025-05-10T07:08:00,2025-05-10T07:43:00,"['s095', 's175']",['Thriller'],35,4,2,True
u002,2025-06-03T06:57:00,2025-06-03T08:29:00,"['s032', 's023']","['Drama', 'Horror']",92,3,0,True
u073,2025-05-23T23:25:00,2025-05-24T00:38:00,['s097'],"['Sci-Fi', 'Action']",73,1,1,False
u035,2025-05-22T04:02:00,2025-05-22T05:30:00,"['s157', 's062', 's165']","['Romance', 'Horror']",88,4,3,True
u011,2025-05-28T12:08:00,2025-05-28T13:11:00,['s164'],['Comedy'],63,4,0,False
u091,2025-05-25T15:34:00,2025-05-25T17:24:00,"['s088', 's144']","['Romance', 'Action']",110,1,0,False
u076,2025-05-29T00:57:00,2025-05-29T02:50:00,"['s014', 's120']","['Horror', 'Thriller']",113,1,1,True
u031,2025-05-15T07:17:00,2025-05-15T08:35:00,"['s014', 's195', 's056']","['Action', 'Sci-Fi']",78,1,1,False
u094,2025-05-14T11:58:00,2025-05-14T13:23:00,['s180'],"['Thriller', 'Horror']",85,1,1,False
u069,2025-05-27T05:31:00,2025-05-27T05:45:00,['s014'],['Thriller'],14,1,0,False
u000,2025-05-26T19:12:00,2025-05-26T21:05:00,['s087'],['Horror'],113,2,0,True
u018,2025-05-18T22:58:00,2025-05-18T23:26:00,['s134'],"['Drama', 'Action']",28,5,3,True
u043,2025-05-27T10:08:00,2025-05-27T10:38:00,"['s111', 's163', 's124']","['Sci-Fi', 'Comedy']",30,4,2,True
u085,2025-05-18T05:24:00,2025-05-18T06:13:00,"['s176', 's075', 's032']",['Comedy'],49,0,3,True
u023,2025-05-17T10:58:00,2025-05-17T12:51:00,"['s056', 's163', 's144']",['Romance'],113,1,2,True
u030,2025-05-25T10:10:00,2025-05-25T11:41:00,['s181'],"['Romance', 'Drama']",91,2,1,True
u088,2025-06-03T11:16:00,2025-06-03T13:06:00,['s184'],['Drama'],110,3,3,False
u021,2025-05-08T13:31:00,2025-05-08T14:29:00,"['s139', 's096']",['Horror'],58,3,1,True
u057,2025-06-03T01:18:00,2025-06-03T01:30:00,"['s066', 's026']",['Action'],12,1,3,True
u093,2025-06-03T17:57:00,2025-06-03T18:18:00,"['s152', 's157']","['Comedy', 'Drama']",21,3,1,False
u020,2025-06-04T03:21:00,2025-06-04T03:57:00,['s104'],"['Comedy', 'Action']",36,2,1,True
u006,2025-05-24T18:35:00,2025-05-24T20:32:00,"['s039', 's013']","['Drama', 'Romance']",117,0,2,False
u025,2025-06-02T00:13:00,2025-06-02T00:44:00,"['s074', 's020', 's121']",['Action'],31,3,3,False
u084,2025-05-28T02:41:00,2025-05-28T04:00:00,"['s047', 's094']","['Action', 'Sci-Fi']",79,3,0,False
u056,2025-05-22T08:14:00,2025-05-22T10:11:00,"['s144', 's015']",['Horror'],117,5,0,True
u085,2025-05-25T17:26:00,2025-05-25T19:12:00,"['s058', 's141', 's015']","['Horror', 'Thriller']",106,3,3,True
u060,2025-05-27T02:25:00,2025-05-27T04:24:00,"['s008', 's128', 's146']",['Drama'],119,3,1,True
u027,2025-05-11T06:08:00,2025-05-11T06:23:00,"['s020', 's174']","['Sci-Fi', 'Comedy']",15,1,2,False
u093,2025-05-07T02:05:00,2025-05-07T03:04:00,"['s101', 's141', 's083']","['Thriller', 'Romance']",59,0,3,True
u053,2025-06-01T04:36:00,2025-06-01T06:01:00,"['s194', 's025', 's027']",['Horror'],85,2,2,False
u033,2025-05-24T20:31:00,2025-05-24T21:54:00,"['s121', 's009', 's044']","['Romance', 'Sci-Fi']",83,4,3,True
u050,2025-05-08T10:44:00,2025-05-08T11:24:00,['s190'],"['Action', 'Horror']",40,0,2,False
u039,2025-05-28T15:54:00,2025-05-28T17:33:00,"['s025', 's058', 's034']","['Comedy', 'Romance']",99,2,2,False
u077,2025-05-16T02:12:00,2025-05-16T03:18:00,['s104'],"['Horror', 'Thriller']",66,2,0,True
u008,2025-05-27T22:32:00,2025-05-27T23:33:00,['s199'],['Sci-Fi'],61,1,1,True
u031,2025-06-04T14:03:00,2025-06-04T14:59:00,"['s050', 's070', 's094']","['Thriller', 'Romance']",56,5,0,True
u030,2025-05-25T15:38:00,2025-05-25T16:45:00,['s121'],"['Action', 'Sci-Fi']",67,2,0,False
u003,2025-05-24T01:10:00,2025-05-24T03:09:00,"['s199', 's054', 's056']",['Comedy'],119,1,2,False
u065,2025-06-05T21:00:00,2025-06-05T22:10:00,['s165'],['Thriller'],70,0,1,False
u077,2025-05-11T09:45:00,2025-05-11T11:25:00,"['s070', 's108', 's096']","['Romance', 'Action']",100,1,3,False
u086,2025-05-20T19:25:00,2025-05-20T20:49:00,['s001'],"['Thriller', 'Comedy']",84,4,2,False
u087,2025-06-02T15:04:00,2025-06-02T15:57:00,"['s163', 's083']","['Action', 'Comedy']",53,5,2,True
u019,2025-05-20T07:57:00,2025-05-20T08:14:00,"['s103', 's169', 's081']",['Comedy'],17,0,3,False
u033,2025-05-07T13:25:00,2025-05-07T14:24:00,"['s009', 's149', 's181']",['Action'],59,5,1,False
u085,2025-05-25T16:19:00,2025-05-25T18:17:00,['s168'],['Action'],118,0,3,True
u094,2025-05-28T23:51:00,2025-05-29T01:12:00,['s174'],"['Comedy', 'Drama']",81,1,2,True
u095,2025-05-09T09:26:00,2025-05-09T11:16:00,"['s095', 's066']","['Romance', 'Drama']",110,3,0,True
u060,2025-05-08T06:32:00,2025-05-08T06:57:00,"['s097', 's135', 's076']","['Drama', 'Sci-Fi']",25,1,1,False
u052,2025-05-18T14:09:00,2025-05-18T14:59:00,"['s046', 's199', 's020']","['Action', 'Comedy']",50,1,2,True
u000,2025-05-22T08:13:00,2025-05-22T10:00:00,['s147'],['Romance'],107,0,1,False
u081,2025-05-23T12:27:00,2025-05-23T13:38:00,"['s001', 's009']",['Comedy'],71,2,0,False
u096,2025-05-10T16:12:00,2025-05-10T16:24:00,"['s001', 's160', 's187']",['Sci-Fi'],12,5,2,False
u016,2025-06-02T12:32:00,2025-06-02T13:57:00,"['s042', 's016']",['Action'],85,2,3,False
u055,2025-05-08T21:08:00,2025-05-08T22:01:00,"['s091', 's192']",['Sci-Fi'],53,3,0,True
u028,2025-05-13T04:13:00,2025-05-13T05:56:00,['s150'],['Drama'],103,2,0,False
u081,2025-05-28T17:39:00,2025-05-28T17:55:00,"['s012', 's169', 's027']",['Drama'],16,5,0,False
u056,2025-05-24T03:35:00,2025-05-24T04:17:00,"['s179', 's039']",['Comedy'],42,5,0,False
u053,2025-05-15T03:42:00,2025-05-15T04:58:00,"['s159', 's155']",['Romance'],76,0,0,False
u014,2025-05-11T03:31:00,2025-05-11T04:06:00,"['s051', 's199', 's067']",['Action'],35,5,3,False
u020,2025-06-04T17:31:00,2025-06-04T18:07:00,"['s123', 's084', 's060']",['Drama'],36,5,0,True
u073,2025-05-15T15:09:00,2025-05-15T15:30:00,"['s019', 's185', 's025']","['Comedy', 'Sci-Fi']",21,3,2,False
u059,2025-06-04T03:52:00,2025-06-04T04:24:00,['s074'],"['Horror', 'Comedy']",32,2,3,True
u012,2025-05-09T01:00:00,2025-05-09T02:59:00,['s169'],['Action'],119,2,3,False
u093,2025-06-03T11:52:00,2025-06-03T12:45:00,['s029'],"['Romance', 'Horror']",53,2,3,False
u053,2025-05-16T05:07:00,2025-05-16T05:33:00,"['s185', 's015', 's040']",['Romance'],26,4,3,False
u023,2025-05-17T12:49:00,2025-05-17T13:44:00,"['s007', 's175', 's186']",['Romance'],55,3,0,False
u056,2025-06-04T02:16:00,2025-06-04T03:49:00,"['s003', 's180']",['Comedy'],93,2,0,False
u084,2025-05-13T07:30:00,2025-05-13T08:24:00,"['s173', 's164', 's098']",['Horror'],54,4,0,True
u082,2025-05-07T05:32:00,2025-05-07T07:30:00,"['s126', 's042']",['Horror'],118,3,2,True
u042,2025-05-28T01:32:00,2025-05-28T02:10:00,"['s164', 's096', 's103']",['Drama'],38,3,3,False
u011,2025-05-09T15:28:00,2025-05-09T16:18:00,['s127'],['Drama'],50,3,3,True
u071,2025-05-19T00:52:00,2025-05-19T01:13:00,"['s158', 's163', 's077']",['Comedy'],21,5,3,False
u046,2025-05-10T01:52:00,2025-05-10T02:30:00,"['s084', 's143']","['Comedy', 'Horror']",38,2,3,True
u012,2025-05-12T21:14:00,2025-05-12T21:24:00,"['s090', 's162']","['Thriller', 'Horror']",10,2,0,True
u021,2025-05-21T04:52:00,2025-05-21T06:33:00,"['s184', 's104', 's027']","['Thriller', 'Sci-Fi']",101,1,0,False
u027,2025-05-22T06:45:00,2025-05-22T07:38:00,['s193'],"['Drama', 'Comedy']",53,5,0,False
u058,2025-05-15T18:32:00,2025-05-15T18:59:00,"['s001', 's135']",['Thriller'],27,3,3,True
u088,2025-05-18T05:46:00,2025-05-18T07:40:00,['s026'],"['Comedy', 'Thriller']",114,4,2,False
u053,2025-05-17T22:48:00,2025-05-17T23:29:00,"['s101', 's087']","['Romance', 'Sci-Fi']",41,1,3,False
u089,2025-05-19T10:45:00,2025-05-19T12:29:00,"['s161', 's055', 's051']",['Thriller'],104,5,2,False
u086,2025-06-01T22:41:00,2025-06-01T23:13:00,"['s138', 's177', 's163']","['Comedy', 'Drama']",32,2,3,False
u086,2025-05-13T17:18:00,2025-05-13T19:16:00,"['s003', 's133']",['Drama'],118,3,1,True
u085,2025-06-04T06:17:00,2025-06-04T08:03:00,['s073'],"['Sci-Fi', 'Drama']",106,5,2,True
u096,2025-05-19T01:22:00,2025-05-19T03:16:00,"['s026', 's157']",['Comedy'],114,5,3,True
u065,2025-05-11T22:18:00,2025-05-11T23:56:00,"['s012', 's097', 's099']","['Horror', 'Comedy']",98,2,0,True
u095,2025-05-28T06:39:00,2025-05-28T08:28:00,"['s057', 's162']","['Horror', 'Thriller']",109,4,1,True
u037,2025-05-22T05:43:00,2025-05-22T06:02:00,['s044'],['Romance'],19,0,3,False
u071,2025-05-28T04:10:00,2025-05-28T05:34:00,"['s001', 's084']","['Comedy', 'Sci-Fi']",84,0,1,False
u076,2025-06-04T20:39:00,2025-06-04T22:36:00,"['s077', 's125', 's146']","['Drama', 'Comedy']",117,2,1,True
u066,2025-06-03T16:10:00,2025-06-03T17:13:00,"['s137', 's103', 's023']","['Sci-Fi', 'Horror']",63,5,2,False
u046,2025-05-27T06:48:00,2025-05-27T08:17:00,"['s121', 's143', 's192']",['Drama'],89,5,2,False
u030,2025-05-08T20:39:00,2025-05-08T22:08:00,['s010'],"['Romance', 'Drama']",89,3,2,False
u003,2025-05-07T16:52:00,2025-05-07T18:40:00,"['s131', 's130']","['Romance', 'Drama']",108,2,1,False
u065,2025-06-03T03:10:00,2025-06-03T04:58:00,"['s136', 's001', 's160']",['Sci-Fi'],108,5,1,False
u013,2025-05-30T17:53:00,2025-05-30T19:32:00,"['s198', 's111', 's165']",['Comedy'],99,5,1,True
u058,2025-05-14T10:02:00,2025-05-14T10:23:00,['s013'],['Horror'],21,2,0,True
u033,2025-05-23T12:28:00,2025-05-23T13:58:00,"['s110', 's080']",['Romance'],90,5,0,True
u082,2025-05-13T19:04:00,2025-05-13T20:50:00,"['s149', 's011', 's179']",['Action'],106,4,0,False
u087,2025-05-27T19:05:00,2025-05-27T19:51:00,"['s097', 's101']",['Romance'],46,1,1,True
u095,2025-05-24T17:18:00,2025-05-24T18:49:00,['s076'],"['Drama', 'Thriller']",91,4,1,True
u005,2025-06-05T18:38:00,2025-06-05T19:38:00,"['s140', 's021', 's078']",['Comedy'],60,5,2,True
u052,2025-05-08T20:54:00,2025-05-08T22:09:00,['s041'],['Sci-Fi'],75,4,2,True
u014,2025-05-31T21:51:00,2025-05-31T23:13:00,['s192'],"['Comedy', 'Thriller']",82,0,2,True
u032,2025-06-02T06:46:00,2025-06-02T08:10:00,"['s084', 's091']",['Comedy'],84,5,1,True
u036,2025-05-17T02:57:00,2025-05-17T03:31:00,"['s124', 's115']","['Thriller', 'Comedy']",34,2,1,False
u040,2025-05-23T05:00:00,2025-05-23T05:50:00,['s056'],"['Action', 'Horror']",50,1,2,False
u059,2025-05-22T11:49:00,2025-05-22T12:38:00,"['s141', 's027']",['Comedy'],49,4,0,False
u017,2025-05-08T17:12:00,2025-05-08T17:55:00,"['s160', 's019', 's186']",['Drama'],43,4,0,False
u098,2025-05-18T06:58:00,2025-05-18T07:12:00,"['s066', 's139', 's138']","['Comedy', 'Sci-Fi']",14,2,3,True
u098,2025-05-18T23:54:00,2025-05-19T00:41:00,['s118'],['Romance'],47,2,0,True
u078,2025-05-15T05:48:00,2025-05-15T07:03:00,['s114'],['Sci-Fi'],75,4,1,False
u045,2025-06-04T07:48:00,2025-06-04T09:00:00,['s016'],"['Action', 'Sci-Fi']",72,0,1,False
u049,2025-05-21T14:56:00,2025-05-21T15:11:00,['s166'],"['Drama', 'Comedy']",15,4,2,False
u074,2025-05-19T18:11:00,2025-05-19T19:09:00,"['s096', 's093', 's150']",['Thriller'],58,2,3,True
u066,2025-05-24T11:52:00,2025-05-24T12:46:00,"['s123', 's154']",['Thriller'],54,1,3,True
u029,2025-06-03T16:41:00,2025-06-03T17:26:00,['s038'],['Sci-Fi'],45,2,0,True
u053,2025-05-11T10:46:00,2025-05-11T11:10:00,"['s172', 's122']","['Sci-Fi', 'Thriller']",24,1,3,True
u031,2025-06-04T04:36:00,2025-06-04T06:01:00,['s034'],['Thriller'],85,1,0,True
u033,2025-05-07T05:33:00,2025-05-07T06:34:00,"['s144', 's163', 's004']","['Drama', 'Sci-Fi']",61,3,3,False
u021,2025-05-29T13:38:00,2025-05-29T14:06:00,"['s196', 's046', 's159']","['Sci-Fi', 'Comedy']",28,5,2,False
u076,2025-05-18T02:14:00,2025-05-18T03:12:00,"['s033', 's027']",['Sci-Fi'],58,4,3,True
u077,2025-06-02T05:30:00,2025-06-02T06:58:00,"['s009', 's136', 's128']",['Drama'],88,3,1,True
u099,2025-05-15T20:27:00,2025-05-15T21:43:00,"['s094', 's011']","['Sci-Fi', 'Romance']",76,3,2,True
u054,2025-06-01T08:30:00,2025-06-01T10:18:00,['s021'],"['Thriller', 'Horror']",108,3,2,True
u000,2025-05-14T23:50:00,2025-05-15T00:00:00,"['s133', 's030', 's001']","['Comedy', 'Sci-Fi']",10,5,2,False
u046,2025-06-02T04:27:00,2025-06-02T06:00:00,"['s064', 's066', 's137']","['Thriller', 'Action']",93,4,2,False
u096,2025-05-30T13:35:00,2025-05-30T15:25:00,"['s123', 's045', 's094']","['Action', 'Horror']",110,4,2,False
u094,2025-06-01T21:07:00,2025-06-01T22:52:00,['s114'],['Drama'],105,1,3,False
u070,2025-05-17T22:43:00,2025-05-18T00:23:00,['s041'],"['Comedy', 'Drama']",100,0,1,False
u076,2025-05-23T02:04:00,2025-05-23T02:47:00,['s094'],['Thriller'],43,0,3,False
u078,2025-05-16T16:18:00,2025-05-16T17:59:00,"['s014', 's198', 's044']","['Romance', 'Drama']",101,1,2,True
u004,2025-05-11T19:32:00,2025-05-11T20:48:00,"['s059', 's157', 's043']",['Action'],76,1,0,True
u011,2025-05-28T12:22:00,2025-05-28T13:57:00,"['s103', 's150']",['Thriller'],95,0,0,True
u070,2025-05-27T23:53:00,2025-05-28T01:14:00,"['s089', 's088', 's070']",['Thriller'],81,1,3,False
u073,2025-06-05T08:11:00,2025-06-05T09:13:00,"['s027', 's143', 's018']","['Action', 'Drama']",62,4,2,False
u088,2025-05-22T12:36:00,2025-05-22T13:47:00,['s193'],"['Horror', 'Romance']",71,5,3,True
u061,2025-06-02T08:04:00,2025-06-02T09:02:00,"['s056', 's173', 's179']",['Horror'],58,2,3,False
u066,2025-05-19T00:44:00,2025-05-19T02:40:00,"['s063', 's073']",['Romance'],116,5,2,True
u070,2025-05-07T05:30:00,2025-05-07T06:20:00,"['s055', 's146']","['Sci-Fi', 'Comedy']",50,5,1,False
u094,2025-05-30T07:47:00,2025-05-30T08:27:00,"['s052', 's058']",['Horror'],40,1,2,True
u099,2025-06-02T03:58:00,2025-06-02T04:18:00,"['s169', 's126', 's157']",['Horror'],20,4,0,False
u047,2025-05-17T10:31:00,2025-05-17T11:54:00,"['s125', 's046']","['Romance', 'Sci-Fi']",83,4,1,True
u067,2025-05-11T13:30:00,2025-05-11T14:49:00,['s128'],"['Romance', 'Comedy']",79,1,3,True
u089,2025-05-20T14:20:00,2025-05-20T15:58:00,['s003'],['Romance'],98,4,0,False
u046,2025-05-17T08:11:00,2025-05-17T09:31:00,"['s060', 's068']","['Thriller', 'Action']",80,2,1,False
u054,2025-05-30T13:44:00,2025-05-30T15:30:00,"['s093', 's102']","['Romance', 'Sci-Fi']",106,4,1,True
u012,2025-05-13T08:51:00,2025-05-13T09:31:00,"['s110', 's097', 's050']",['Horror'],40,5,1,False
u001,2025-05-31T13:31:00,2025-05-31T13:58:00,"['s132', 's136', 's184']","['Horror', 'Romance']",27,2,2,True
u050,2025-06-02T22:10:00,2025-06-02T22:27:00,['s065'],"['Horror', 'Comedy']",17,0,3,False
u033,2025-05-25T11:35:00,2025-05-25T12:56:00,"['s088', 's005']","['Drama', 'Action']",81,5,1,True
u099,2025-05-27T11:20:00,2025-05-27T12:56:00,"['s124', 's198', 's188']","['Drama', 'Romance']",96,4,2,False
u080,2025-06-01T05:40:00,2025-06-01T07:33:00,"['s107', 's161']","['Horror', 'Drama']",113,0,1,False
u029,2025-05-26T10:41:00,2025-05-26T11:28:00,"['s068', 's154', 's165']","['Action', 'Romance']",47,2,3,False
u021,2025-05-31T00:08:00,2025-05-31T01:51:00,['s169'],"['Comedy', 'Horror']",103,5,0,True
u021,2025-05-24T03:06:00,2025-05-24T03:24:00,"['s140', 's013']",['Horror'],18,3,0,True
u033,2025-05-17T04:05:00,2025-05-17T05:38:00,"['s079', 's058']",['Comedy'],93,2,3,True
u016,2025-05-20T05:01:00,2025-05-20T05:15:00,"['s091', 's083', 's121']","['Horror', 'Thriller']",14,2,3,True
u089,2025-05-19T05:37:00,2025-05-19T07:03:00,"['s161', 's191']","['Thriller', 'Comedy']",86,5,2,False
u061,2025-05-19T07:51:00,2025-05-19T08:12:00,"['s078', 's093']","['Action', 'Sci-Fi']",21,2,0,True
u066,2025-05-10T04:22:00,2025-05-10T05:08:00,"['s136', 's002']","['Horror', 'Romance']",46,2,0,False
u037,2025-05-17T07:50:00,2025-05-17T08:00:00,"['s095', 's048', 's105']","['Romance', 'Sci-Fi']",10,1,3,False
u028,2025-05-28T02:27:00,2025-05-28T03:57:00,['s132'],"['Action', 'Comedy']",90,5,2,False
u024,2025-05-09T02:11:00,2025-05-09T02:38:00,"['s028', 's163']","['Thriller', 'Romance']",27,2,3,True
u041,2025-06-05T04:03:00,2025-06-05T05:21:00,['s047'],['Action'],78,2,1,False
u093,2025-06-05T07:05:00,2025-06-05T07:34:00,['s126'],['Action'],29,3,2,False
u047,2025-05-22T22:50:00,2025-05-22T23:04:00,"['s020', 's192']",['Drama'],14,2,3,True
u069,2025-05-21T05:12:00,2025-05-21T07:09:00,"['s097', 's003']",['Horror'],117,5,1,False
u098,2025-05-22T07:47:00,2025-05-22T08:01:00,['s117'],['Thriller'],14,5,1,False
u049,2025-05-15T09:59:00,2025-05-15T10:50:00,['s161'],['Comedy'],51,4,0,False
u061,2025-05-16T09:12:00,2025-05-16T10:08:00,['s170'],['Drama'],56,1,3,False
u001,2025-05-31T08:37:00,2025-05-31T09:02:00,"['s062', 's002']",['Thriller'],25,5,3,True
u047,2025-05-12T02:15:00,2025-05-12T02:45:00,"['s023', 's175']","['Horror', 'Comedy']",30,0,0,False
u082,2025-06-01T22:34:00,2025-06-02T00:25:00,['s032'],"['Sci-Fi', 'Action']",111,4,2,False
u093,2025-05-30T00:44:00,2025-05-30T01:42:00,"['s185', 's034']","['Drama', 'Romance']",58,5,3,False
u069,2025-05-14T15:12:00,2025-05-14T16:34:00,['s139'],"['Action', 'Comedy']",82,3,2,True
u008,2025-05-20T04:28:00,2025-05-20T05:15:00,"['s138', 's093']","['Drama', 'Comedy']",47,4,3,True
u002,2025-05-17T11:49:00,2025-05-17T13:18:00,['s082'],['Comedy'],89,4,3,True
u067,2025-05-15T15:49:00,2025-05-15T17:09:00,['s156'],"['Action', 'Romance']",80,5,2,True
u012,2025-05-20T21:04:00,2025-05-20T21:19:00,['s045'],['Sci-Fi'],15,0,3,True
u012,2025-06-04T18:41:00,2025-06-04T20:38:00,"['s168', 's125']","['Drama', 'Action']",117,1,0,True
u026,2025-05-16T15:59:00,2025-05-16T17:55:00,['s119'],['Action'],116,4,3,False
u090,2025-06-04T19:17:00,2025-06-04T20:34:00,['s187'],['Horror'],77,2,0,True
u066,2025-06-02T03:46:00,2025-06-02T04:25:00,"['s098', 's048', 's049']",['Thriller'],39,5,1,False
u095,2025-06-02T20:36:00,2025-06-02T21:31:00,"['s117', 's179', 's170']","['Drama', 'Sci-Fi']",55,1,3,False
u084,2025-05-31T17:38:00,2025-05-31T18:44:00,"['s080', 's140']","['Horror', 'Action']",66,3,3,False
u077,2025-05-29T18:34:00,2025-05-29T19:11:00,"['s196', 's140']","['Action', 'Romance']",37,3,3,True
u092,2025-06-04T09:38:00,2025-06-04T09:50:00,"['s034', 's077', 's001']","['Sci-Fi', 'Horror']",12,2,0,False
u070,2025-05-20T17:36:00,2025-05-20T18:59:00,['s024'],['Romance'],83,2,1,True
u033,2025-05-25T18:15:00,2025-05-25T18:54:00,"['s076', 's023']","['Thriller', 'Sci-Fi']",39,5,0,False
u061,2025-05-31T15:52:00,2025-05-31T17:30:00,"['s147', 's024', 's152']","['Drama', 'Comedy']",98,4,3,True
u099,2025-06-04T10:22:00,2025-06-04T12:16:00,"['s106', 's030']",['Comedy'],114,5,0,False
u006,2025-05-27T16:02:00,2025-05-27T16:52:00,"['s144', 's038', 's083']",['Sci-Fi'],50,0,3,False
u096,2025-05-17T18:32:00,2025-05-17T18:53:00,['s110'],"['Horror', 'Romance']",21,1,1,False
u010,2025-05-21T18:47:00,2025-05-21T19:03:00,"['s102', 's067', 's021']","['Thriller', 'Romance']",16,5,1,True
u061,2025-05-19T06:31:00,2025-05-19T07:31:00,"['s146', 's050', 's143']",['Sci-Fi'],60,0,2,False
u041,2025-05-15T18:05:00,2025-05-15T18:29:00,"['s105', 's108', 's093']","['Sci-Fi', 'Action']",24,2,0,False
u021,2025-05-25T19:52:00,2025-05-25T21:44:00,"['s159', 's037']","['Drama', 'Sci-Fi']",112,1,2,True
u096,2025-05-13T02:07:00,2025-05-13T03:51:00,['s062'],['Horror'],104,2,0,False
u088,2025-05-11T03:19:00,2025-05-11T04:26:00,"['s005', 's084']",['Comedy'],67,4,1,True
u069,2025-05-20T08:35:00,2025-05-20T09:46:00,"['s186', 's036', 's177']",['Romance'],71,4,0,False
u021,2025-06-04T09:12:00,2025-06-04T11:03:00,"['s158', 's069', 's013']","['Comedy', 'Drama']",111,0,3,False
u084,2025-05-09T21:23:00,2025-05-09T23:23:00,['s004'],"['Horror', 'Comedy']",120,3,1,False
u065,2025-05-14T03:57:00,2025-05-14T04:47:00,"['s152', 's136']",['Sci-Fi'],50,1,3,True
u005,2025-05-29T16:19:00,2025-05-29T17:11:00,"['s100', 's190']",['Drama'],52,2,2,False
u080,2025-05-27T07:32:00,2025-05-27T08:17:00,['s160'],"['Romance', 'Drama']",45,4,2,True
u019,2025-05-26T12:42:00,2025-05-26T13:09:00,['s186'],"['Thriller', 'Comedy']",27,4,1,False
u030,2025-05-18T04:27:00,2025-05-18T05:16:00,"['s084', 's114', 's138']",['Sci-Fi'],49,5,1,True
u017,2025-05-27T22:45:00,2025-05-28T00:02:00,['s110'],['Comedy'],77,4,1,False
u008,2025-05-19T17:46:00,2025-05-19T18:11:00,['s081'],['Comedy'],25,0,2,False
u052,2025-05-27T14:47:00,2025-05-27T16:42:00,"['s189', 's070', 's038']",['Drama'],115,1,1,True
u097,2025-05-17T19:17:00,2025-05-17T20:44:00,"['s156', 's059', 's152']",['Sci-Fi'],87,5,0,False
u010,2025-05-14T15:08:00,2025-05-14T16:22:00,"['s120', 's182', 's166']","['Sci-Fi', 'Romance']",74,3,3,True
u020,2025-05-30T07:02:00,2025-05-30T08:04:00,['s069'],"['Sci-Fi', 'Comedy']",62,5,1,True
u008,2025-05-31T14:55:00,2025-05-31T16:23:00,"['s176', 's083']","['Sci-Fi', 'Romance']",88,3,0,False
u092,2025-05-26T12:39:00,2025-05-26T14:24:00,"['s152', 's137', 's134']",['Thriller'],105,0,3,False
u005,2025-05-08T07:33:00,2025-05-08T08:51:00,"['s188', 's010']","['Thriller', 'Comedy']",78,0,1,False
u056,2025-05-24T09:49:00,2025-05-24T11:44:00,"['s118', 's042']","['Action', 'Thriller']",115,0,1,False
u082,2025-05-22T02:46:00,2025-05-22T04:00:00,['s046'],['Romance'],74,3,2,False
u003,2025-05-31T14:37:00,2025-05-31T16:18:00,['s116'],['Action'],101,2,1,True
u011,2025-06-02T22:28:00,2025-06-02T23:59:00,"['s021', 's134']","['Comedy', 'Thriller']",91,4,1,False
u070,2025-05-24T01:49:00,2025-05-24T02:20:00,"['s144', 's168']",['Sci-Fi'],31,1,1,True
u053,2025-05-27T09:46:00,2025-05-27T11:34:00,"['s073', 's160']",['Drama'],108,1,1,True
u079,2025-05-12T08:00:00,2025-05-12T09:08:00,"['s127', 's139']",['Thriller'],68,3,1,True
u075,2025-05-15T15:29:00,2025-05-15T16:31:00,"['s020', 's153']",['Sci-Fi'],62,4,2,True
u006,2025-05-31T04:03:00,2025-05-31T05:36:00,"['s009', 's037']",['Comedy'],93,4,2,False
u011,2025-06-04T03:26:00,2025-06-04T03:58:00,['s172'],"['Thriller', 'Comedy']",32,5,1,False
u095,2025-05-18T11:59:00,2025-05-18T12:13:00,['s196'],"['Action', 'Horror']",14,3,0,False
u070,2025-06-03T09:30:00,2025-06-03T09:57:00,['s177'],"['Action', 'Thriller']",27,3,1,True
u078,2025-06-04T03:36:00,2025-06-04T05:19:00,"['s135', 's022', 's123']","['Romance', 'Thriller']",103,2,2,False
u016,2025-05-17T18:31:00,2025-05-17T19:47:00,"['s161', 's127', 's126']",['Thriller'],76,1,2,True
u000,2025-06-02T00:29:00,2025-06-02T01:59:00,['s188'],['Horror'],90,4,3,False
u005,2025-05-26T11:35:00,2025-05-26T13:28:00,"['s054', 's002', 's163']",['Comedy'],113,2,2,True
u039,2025-05-27T16:35:00,2025-05-27T17:26:00,['s029'],"['Action', 'Romance']",51,5,0,True
u024,2025-05-26T10:59:00,2025-05-26T12:35:00,"['s121', 's009']",['Romance'],96,1,3,False
u059,2025-05-11T13:59:00,2025-05-11T15:44:00,['s133'],"['Thriller', 'Comedy']",105,5,2,True
u026,2025-05-18T21:21:00,2025-05-18T23:13:00,"['s016', 's038']","['Horror', 'Drama']",112,2,3,True
u073,2025-05-17T12:11:00,2025-05-17T13:37:00,['s192'],"['Comedy', 'Action']",86,5,0,False
u052,2025-06-03T15:56:00,2025-06-03T16:36:00,"['s115', 's077']",['Thriller'],40,2,1,True
u047,2025-05-11T01:49:00,2025-05-11T02:24:00,['s113'],['Horror'],35,3,1,True
u043,2025-05-07T15:46:00,2025-05-07T17:03:00,"['s198', 's083']",['Horror'],77,0,1,True
u092,2025-06-04T14:24:00,2025-06-04T16:05:00,"['s029', 's001', 's079']",['Comedy'],101,4,0,False
u059,2025-05-08T01:06:00,2025-05-08T02:22:00,"['s190', 's079', 's005']","['Comedy', 'Sci-Fi']",76,2,1,True
u036,2025-05-28T17:20:00,2025-05-28T19:08:00,"['s171', 's030']","['Sci-Fi', 'Horror']",108,2,0,True
u079,2025-05-19T16:06:00,2025-05-19T16:42:00,"['s089', 's140', 's081']","['Sci-Fi', 'Comedy']",36,2,1,True
u009,2025-05-27T19:57:00,2025-05-27T20:50:00,"['s113', 's012', 's033']",['Romance'],53,5,0,True
u049,2025-06-04T02:27:00,2025-06-04T03:27:00,['s180'],"['Thriller', 'Action']",60,2,2,True
u091,2025-05-12T21:51:00,2025-05-12T23:09:00,['s193'],"['Thriller', 'Sci-Fi']",78,0,3,True
u058,2025-05-27T21:41:00,2025-05-27T23:21:00,"['s120', 's059']",['Sci-Fi'],100,4,2,False
u050,2025-05-31T22:58:00,2025-06-01T00:33:00,"['s083', 's116']","['Drama', 'Horror']",95,3,0,False
u061,2025-05-22T05:18:00,2025-05-22T07:06:00,"['s154', 's147']",['Thriller'],108,0,3,True
u041,2025-05-19T20:04:00,2025-05-19T21:55:00,"['s136', 's118']","['Thriller', 'Romance']",111,1,1,True
u061,2025-05-24T02:21:00,2025-05-24T02:57:00,"['s151', 's110', 's111']","['Thriller', 'Comedy']",36,1,1,True
u094,2025-05-07T22:36:00,2025-05-08T00:33:00,"['s029', 's151']","['Action', 'Thriller']",117,0,3,True
u039,2025-05-24T02:38:00,2025-05-24T03:01:00,"['s152', 's197', 's097']","['Romance', 'Comedy']",23,5,0,True
u027,2025-05-10T04:56:00,2025-05-10T06:20:00,"['s000', 's193', 's037']",['Romance'],84,4,2,False
u078,2025-05-18T14:12:00,2025-05-18T14:48:00,"['s081', 's076', 's145']","['Romance', 'Comedy']",36,2,0,True
u078,2025-05-20T12:54:00,2025-05-20T13:20:00,"['s015', 's094']",['Drama'],26,5,2,True
u036,2025-05-09T00:15:00,2025-05-09T01:20:00,"['s151', 's100', 's160']","['Comedy', 'Romance']",65,3,3,False
u069,2025-05-30T21:11:00,2025-05-30T22:21:00,['s048'],"['Horror', 'Action']",70,3,1,False
u085,2025-06-01T04:00:00,2025-06-01T04:19:00,"['s004', 's036', 's184']","['Comedy', 'Romance']",19,1,0,True
u082,2025-05-11T13:55:00,2025-05-11T15:03:00,"['s154', 's108', 's159']",['Romance'],68,4,3,False
u049,2025-05-25T07:11:00,2025-05-25T08:15:00,"['s001', 's147', 's127']",['Comedy'],64,4,2,False
u069,2025-05-18T11:02:00,2025-05-18T11:16:00,"['s123', 's180', 's094']",['Thriller'],14,3,0,True
u093,2025-05-13T16:54:00,2025-05-13T18:40:00,"['s119', 's132']",['Thriller'],106,4,0,True
u060,2025-05-16T23:42:00,2025-05-17T01:17:00,['s175'],"['Thriller', 'Drama']",95,2,0,False
u058,2025-05-20T15:36:00,2025-05-20T17:19:00,"['s107', 's090']","['Action', 'Sci-Fi']",103,0,2,False
u007,2025-05-16T15:37:00,2025-05-16T16:08:00,"['s013', 's168', 's074']",['Action'],31,3,0,True
u064,2025-06-03T08:16:00,2025-06-03T08:42:00,"['s071', 's070', 's065']",['Comedy'],26,0,1,True
u084,2025-05-22T11:51:00,2025-05-22T12:23:00,"['s179', 's060']","['Sci-Fi', 'Thriller']",32,0,2,True
u018,2025-05-17T04:53:00,2025-05-17T06:06:00,"['s197', 's098']",['Comedy'],73,3,1,True
u073,2025-05-13T11:03:00,2025-05-13T12:35:00,"['s193', 's029']",['Sci-Fi'],92,3,3,False
u038,2025-05-21T23:48:00,2025-05-22T01:06:00,['s097'],"['Romance', 'Action']",78,1,3,True
u036,2025-05-07T14:24:00,2025-05-07T16:00:00,"['s135', 's174']",['Drama'],96,4,2,False
u078,2025-05-07T20:54:00,2025-05-07T21:38:00,"['s069', 's068']",['Action'],44,5,3,False
u098,2025-05-15T23:15:00,2025-05-16T00:58:00,"['s150', 's197', 's049']","['Comedy', 'Horror']",103,1,2,True
u086,2025-06-05T02:00:00,2025-06-05T03:02:00,['s134'],['Comedy'],62,3,2,True
u092,2025-05-27T08:12:00,2025-05-27T08:26:00,['s158'],['Drama'],14,4,1,True
u090,2025-06-02T02:54:00,2025-06-02T04:21:00,['s096'],['Drama'],87,5,1,False
u037,2025-05-22T21:59:00,2025-05-22T22:18:00,"['s116', 's070', 's196']","['Comedy', 'Horror']",19,2,2,True
u099,2025-06-03T08:49:00,2025-06-03T09:06:00,"['s099', 's085']",['Action'],17,2,1,False
u008,2025-05-21T06:39:00,2025-05-21T07:39:00,['s165'],"['Drama', 'Sci-Fi']",60,4,3,True
u078,2025-05-16T03:58:00,2025-05-16T05:04:00,"['s066', 's026', 's008']",['Drama'],66,4,2,False
u002,2025-05-08T15:09:00,2025-05-08T16:42:00,"['s000', 's009', 's170']","['Action', 'Sci-Fi']",93,5,2,False
u073,2025-06-05T16:45:00,2025-06-05T18:33:00,"['s122', 's111']","['Horror', 'Comedy']",108,0,1,True
u049,2025-05-14T15:07:00,2025-05-14T16:29:00,"['s091', 's085', 's174']","['Romance', 'Drama']",82,5,0,False
u068,2025-05-09T10:05:00,2025-05-09T12:02:00,"['s194', 's196']","['Comedy', 'Sci-Fi']",117,1,0,False
u084,2025-05-30T09:44:00,2025-05-30T10:43:00,['s161'],"['Romance', 'Drama']",59,5,3,True
u017,2025-06-04T06:01:00,2025-06-04T07:43:00,"['s061', 's125', 's099']",['Horror'],102,4,2,False
u068,2025-05-10T14:01:00,2025-05-10T14:15:00,"['s014', 's086']",['Romance'],14,0,1,False
u086,2025-05-09T17:09:00,2025-05-09T18:53:00,"['s059', 's018', 's009']",['Romance'],104,5,0,False
u079,2025-06-04T07:44:00,2025-06-04T09:17:00,['s003'],['Comedy'],93,0,2,True
u058,2025-05-17T05:53:00,2025-05-17T07:18:00,['s027'],['Romance'],85,4,1,True
u025,2025-05-23T10:51:00,2025-05-23T12:47:00,"['s173', 's102', 's083']",['Comedy'],116,4,1,False
u027,2025-05-12T01:37:00,2025-05-12T02:09:00,"['s016', 's030']","['Sci-Fi', 'Romance']",32,1,2,True
u056,2025-05-29T18:02:00,2025-05-29T18:29:00,['s161'],"['Horror', 'Sci-Fi']",27,0,3,True
u000,2025-06-05T05:59:00,2025-06-05T06:20:00,"['s166', 's151', 's072']","['Comedy', 'Romance']",21,5,1,True
u018,2025-05-16T08:33:00,2025-05-16T09:40:00,"['s061', 's044']",['Thriller'],67,1,3,True
u080,2025-05-10T09:22:00,2025-05-10T10:25:00,['s142'],['Sci-Fi'],63,0,0,False
u097,2025-05-19T16:14:00,2025-05-19T17:23:00,"['s168', 's053', 's070']",['Sci-Fi'],69,0,1,False
u063,2025-05-31T05:42:00,2025-05-31T05:57:00,['s165'],"['Action', 'Sci-Fi']",15,3,2,False
u078,2025-05-11T14:02:00,2025-05-11T14:25:00,"['s013', 's137', 's045']",['Horror'],23,0,3,True
u009,2025-05-08T07:46:00,2025-05-08T08:52:00,"['s148', 's083', 's107']",['Comedy'],66,5,2,True
u099,2025-06-02T10:14:00,2025-06-02T10:36:00,['s188'],"['Horror', 'Sci-Fi']",22,3,1,True
u060,2025-05-18T15:03:00,2025-05-18T16:08:00,['s055'],"['Sci-Fi', 'Romance']",65,2,1,False
u092,2025-05-30T20:22:00,2025-05-30T21:06:00,['s085'],['Drama'],44,5,0,False
u017,2025-06-02T14:29:00,2025-06-02T15:32:00,['s194'],"['Sci-Fi', 'Action']",63,4,1,True
u073,2025-05-19T07:05:00,2025-05-19T08:07:00,"['s125', 's055', 's151']","['Horror', 'Romance']",62,2,0,False
u094,2025-05-09T07:15:00,2025-05-09T08:06:00,"['s148', 's056']",['Thriller'],51,0,3,True
u005,2025-05-21T23:49:00,2025-05-22T01:03:00,['s108'],"['Romance', 'Comedy']",74,0,3,False
u030,2025-06-03T17:48:00,2025-06-03T17:59:00,"['s187', 's104', 's055']",['Action'],11,2,1,True
u002,2025-05-21T21:19:00,2025-05-21T21:49:00,"['s117', 's146', 's191']",['Romance'],30,3,1,False
u023,2025-05-11T11:40:00,2025-05-11T12:49:00,"['s162', 's000', 's160']",['Romance'],69,5,2,True
u037,2025-05-23T08:44:00,2025-05-23T10:12:00,"['s147', 's053', 's175']",['Thriller'],88,2,0,False
u006,2025-06-02T12:23:00,2025-06-02T13:32:00,"['s010', 's093', 's044']",['Thriller'],69,5,1,True
u042,2025-05-29T17:07:00,2025-05-29T18:40:00,"['s188', 's192']",['Horror'],93,5,1,False
u045,2025-05-08T08:32:00,2025-05-08T10:09:00,"['s070', 's013']",['Action'],97,2,3,False
u064,2025-05-20T03:30:00,2025-05-20T05:10:00,"['s173', 's136', 's074']","['Thriller', 'Action']",100,5,0,True
u058,2025-06-03T02:25:00,2025-06-03T02:57:00,"['s019', 's027']",['Action'],32,0,1,False
u019,2025-05-09T06:33:00,2025-05-09T08:03:00,['s075'],"['Comedy', 'Thriller']",90,1,3,False
u053,2025-05-22T23:41:00,2025-05-22T23:53:00,"['s048', 's016']",['Horror'],12,1,2,False
u074,2025-05-26T20:41:00,2025-05-26T22:31:00,"['s124', 's151']","['Romance', 'Action']",110,4,1,False
u021,2025-05-11T08:14:00,2025-05-11T09:25:00,"['s073', 's197']",['Sci-Fi'],71,2,2,False
u021,2025-05-17T05:45:00,2025-05-17T07:03:00,"['s046', 's044']",['Sci-Fi'],78,1,0,True
u040,2025-05-18T04:28:00,2025-05-18T05:11:00,"['s047', 's052']",['Comedy'],43,2,2,True
u047,2025-05-22T17:10:00,2025-05-22T18:28:00,"['s031', 's006']","['Romance', 'Sci-Fi']",78,3,2,True
u000,2025-05-13T17:32:00,2025-05-13T18:24:00,"['s180', 's075', 's121']","['Horror', 'Thriller']",52,5,1,False
u043,2025-05-14T03:46:00,2025-05-14T04:57:00,['s035'],['Action'],71,0,3,True
u057,2025-05-25T02:20:00,2025-05-25T02:37:00,"['s164', 's049', 's149']",['Horror'],17,2,1,True
u010,2025-05-19T14:43:00,2025-05-19T16:18:00,['s131'],"['Sci-Fi', 'Romance']",95,2,0,False
u050,2025-06-01T22:54:00,2025-06-01T23:58:00,"['s098', 's095']",['Action'],64,2,2,False
u057,2025-05-09T17:05:00,2025-05-09T17:42:00,"['s113', 's189', 's106']","['Action', 'Sci-Fi']",37,5,3,False
u017,2025-05-10T18:38:00,2025-05-10T18:59:00,['s053'],"['Romance', 'Thriller']",21,2,0,False
u011,2025-06-05T13:40:00,2025-06-05T14:24:00,"['s044', 's142']","['Comedy', 'Thriller']",44,1,1,True
u048,2025-05-27T17:31:00,2025-05-27T17:46:00,"['s149', 's077']","['Thriller', 'Comedy']",15,3,1,True
u000,2025-06-01T08:19:00,2025-06-01T09:50:00,"['s120', 's031', 's167']","['Romance', 'Sci-Fi']",91,3,1,True
u015,2025-05-12T08:31:00,2025-05-12T08:49:00,"['s190', 's092', 's148']","['Thriller', 'Romance']",18,2,3,True
u047,2025-05-20T23:36:00,2025-05-20T23:48:00,"['s041', 's148']",['Sci-Fi'],12,2,3,True
u045,2025-05-31T01:17:00,2025-05-31T02:13:00,"['s162', 's091']",['Action'],56,2,0,True
u098,2025-05-16T05:48:00,2025-05-16T06:10:00,"['s192', 's042', 's139']","['Horror', 'Action']",22,5,2,False
u087,2025-05-14T22:23:00,2025-05-14T22:45:00,"['s148', 's090', 's036']",['Sci-Fi'],22,4,2,False
u099,2025-05-21T13:21:00,2025-05-21T13:51:00,['s055'],['Thriller'],30,1,1,True
u053,2025-05-22T02:07:00,2025-05-22T04:01:00,['s004'],"['Action', 'Horror']",114,5,2,True
u056,2025-05-08T19:33:00,2025-05-08T21:20:00,"['s044', 's181']","['Drama', 'Comedy']",107,0,1,True
u088,2025-06-01T22:14:00,2025-06-01T23:03:00,['s053'],['Drama'],49,3,0,True
u002,2025-05-12T15:48:00,2025-05-12T16:53:00,['s050'],['Drama'],65,5,0,False
u015,2025-05-07T08:02:00,2025-05-07T08:20:00,"['s170', 's002']",['Horror'],18,0,1,True
u023,2025-05-15T11:01:00,2025-05-15T11:22:00,['s191'],"['Thriller', 'Action']",21,2,1,True
u064,2025-05-18T02:06:00,2025-05-18T04:00:00,"['s195', 's003', 's135']",['Comedy'],114,1,2,True
u096,2025-05-19T00:46:00,2025-05-19T01:08:00,['s129'],"['Action', 'Comedy']",22,4,1,False
u086,2025-06-02T05:53:00,2025-06-02T06:48:00,"['s108', 's054']",['Romance'],55,0,2,True
u059,2025-06-02T16:08:00,2025-06-02T17:21:00,"['s180', 's073']",['Drama'],73,2,3,True
u049,2025-05-27T14:38:00,2025-05-27T16:22:00,"['s175', 's113']",['Thriller'],104,3,2,False
u024,2025-05-09T02:57:00,2025-05-09T04:54:00,"['s173', 's094']",['Drama'],117,5,3,True
u050,2025-05-22T16:42:00,2025-05-22T18:18:00,['s030'],['Romance'],96,3,0,True
u008,2025-05-25T06:21:00,2025-05-25T06:56:00,"['s103', 's031', 's059']","['Comedy', 'Romance']",35,2,2,False
u045,2025-05-21T21:38:00,2025-05-21T22:39:00,"['s130', 's071']",['Horror'],61,3,0,True
u032,2025-05-21T15:14:00,2025-05-21T16:44:00,['s007'],['Comedy'],90,0,0,False
u086,2025-06-05T05:24:00,2025-06-05T06:51:00,"['s083', 's039', 's077']",['Horror'],87,0,3,False
u025,2025-05-27T21:31:00,2025-05-27T22:43:00,"['s066', 's138', 's087']",['Horror'],72,0,3,True
u049,2025-05-22T10:54:00,2025-05-22T11:52:00,"['s117', 's009']",['Sci-Fi'],58,4,2,True
u062,2025-05-23T04:19:00,2025-05-23T06:00:00,"['s124', 's195']",['Thriller'],101,5,3,False
u060,2025-05-19T05:32:00,2025-05-19T05:49:00,"['s067', 's126']","['Thriller', 'Comedy']",17,2,2,False
u007,2025-06-05T18:02:00,2025-06-05T18:28:00,"['s089', 's189']",['Horror'],26,5,2,False
u012,2025-05-23T11:22:00,2025-05-23T12:24:00,"['s014', 's169']",['Sci-Fi'],62,1,2,True
u088,2025-06-03T09:07:00,2025-06-03T10:00:00,['s005'],"['Drama', 'Romance']",53,5,3,False
u034,2025-06-05T22:30:00,2025-06-05T23:55:00,['s081'],"['Thriller', 'Romance']",85,2,0,False
u012,2025-05-14T21:13:00,2025-05-14T22:06:00,"['s128', 's195']","['Sci-Fi', 'Thriller']",53,2,2,False
u025,2025-05-21T20:54:00,2025-05-21T22:44:00,['s137'],['Action'],110,2,0,False
u073,2025-05-24T07:39:00,2025-05-24T09:24:00,['s183'],['Thriller'],105,2,2,True
u072,2025-05-11T16:30:00,2025-05-11T17:34:00,['s088'],['Comedy'],64,2,2,False
u084,2025-05-19T10:12:00,2025-05-19T11:15:00,"['s064', 's159']","['Comedy', 'Thriller']",63,1,0,True
u073,2025-05-21T06:42:00,2025-05-21T08:37:00,"['s119', 's068', 's163']","['Thriller', 'Comedy']",115,5,0,True
u046,2025-05-22T04:15:00,2025-05-22T04:44:00,"['s175', 's195', 's076']","['Romance', 'Action']",29,0,1,False
u034,2025-05-10T09:41:00,2025-05-10T10:11:00,"['s175', 's153']",['Romance'],30,1,0,True
u024,2025-06-05T07:51:00,2025-06-05T09:46:00,"['s118', 's124']","['Romance', 'Comedy']",115,0,1,True
u034,2025-06-01T00:16:00,2025-06-01T02:07:00,"['s168', 's140']",['Comedy'],111,0,3,True
u007,2025-05-09T02:20:00,2025-05-09T03:47:00,"['s016', 's104']","['Comedy', 'Horror']",87,0,3,True
u030,2025-06-02T18:47:00,2025-06-02T20:01:00,['s133'],"['Romance', 'Drama']",74,1,0,False
u042,2025-05-10T18:47:00,2025-05-10T19:46:00,"['s190', 's060', 's108']",['Sci-Fi'],59,0,1,True
u035,2025-05-22T13:16:00,2025-05-22T15:16:00,"['s014', 's125', 's136']","['Comedy', 'Drama']",120,2,3,False
u087,2025-05-29T08:56:00,2025-05-29T10:46:00,['s092'],"['Comedy', 'Action']",110,2,0,True
u094,2025-05-15T01:44:00,2025-05-15T03:34:00,"['s061', 's064', 's141']","['Action', 'Comedy']",110,5,2,True
u068,2025-05-09T07:54:00,2025-05-09T09:00:00,"['s002', 's100']","['Action', 'Drama']",66,1,2,True
u020,2025-05-07T14:40:00,2025-05-07T15:30:00,"['s104', 's008', 's070']",['Horror'],50,3,3,False
u042,2025-05-14T13:56:00,2025-05-14T15:50:00,['s041'],"['Thriller', 'Drama']",114,2,3,False
u058,2025-05-14T00:48:00,2025-05-14T01:04:00,"['s164', 's047', 's161']","['Horror', 'Comedy']",16,1,0,False
u025,2025-05-16T09:20:00,2025-05-16T10:43:00,['s028'],['Sci-Fi'],83,4,1,False
u040,2025-05-22T15:55:00,2025-05-22T17:39:00,['s066'],['Comedy'],104,4,2,False
u025,2025-06-03T13:23:00,2025-06-03T13:56:00,"['s096', 's146']",['Drama'],33,0,1,True
u059,2025-05-30T08:44:00,2025-05-30T10:43:00,['s012'],"['Thriller', 'Romance']",119,4,2,True
u011,2025-05-25T05:36:00,2025-05-25T06:01:00,['s183'],"['Horror', 'Romance']",25,5,3,True
u028,2025-05-14T06:12:00,2025-05-14T08:12:00,"['s073', 's191']","['Romance', 'Sci-Fi']",120,3,1,True
u036,2025-05-13T21:12:00,2025-05-13T22:15:00,['s104'],['Drama'],63,2,2,True
u079,2025-05-22T07:23:00,2025-05-22T08:47:00,"['s165', 's117', 's021']",['Romance'],84,1,2,False
u087,2025-05-30T22:24:00,2025-05-31T00:04:00,"['s188', 's152']","['Drama', 'Horror']",100,4,0,True
u042,2025-05-07T07:30:00,2025-05-07T08:25:00,"['s171', 's153', 's181']",['Drama'],55,2,3,False
u050,2025-05-15T11:08:00,2025-05-15T12:29:00,['s148'],['Action'],81,1,3,False
u059,2025-06-01T02:20:00,2025-06-01T04:00:00,"['s110', 's036', 's066']",['Action'],100,0,1,False
u035,2025-05-13T11:59:00,2025-05-13T13:04:00,"['s067', 's156']","['Thriller', 'Action']",65,3,1,False
u094,2025-05-21T04:35:00,2025-05-21T06:34:00,"['s162', 's112', 's013']",['Sci-Fi'],119,0,1,True
u004,2025-05-21T08:10:00,2025-05-21T09:50:00,"['s111', 's029']","['Drama', 'Romance']",100,2,3,False
u063,2025-06-02T23:55:00,2025-06-03T00:23:00,['s089'],['Sci-Fi'],28,2,1,True
u095,2025-05-20T08:36:00,2025-05-20T10:10:00,"['s054', 's149', 's001']",['Romance'],94,0,1,False
u086,2025-06-02T10:01:00,2025-06-02T10:47:00,"['s174', 's031', 's100']","['Thriller', 'Drama']",46,2,1,True
u010,2025-05-22T22:42:00,2025-05-22T23:53:00,"['s160', 's068']",['Action'],71,0,3,False
u093,2025-05-13T18:08:00,2025-05-13T18:45:00,['s164'],"['Action', 'Drama']",37,5,0,False
u011,2025-05-24T08:11:00,2025-05-24T08:51:00,"['s022', 's005']",['Sci-Fi'],40,3,3,False
u082,2025-05-12T20:09:00,2025-05-12T20:34:00,"['s125', 's110']","['Comedy', 'Thriller']",25,1,2,True
u047,2025-05-20T06:31:00,2025-05-20T07:38:00,"['s121', 's068']","['Drama', 'Romance']",67,2,1,False
u080,2025-05-23T02:02:00,2025-05-23T03:17:00,"['s118', 's173']",['Comedy'],75,5,1,False
u067,2025-05-16T20:33:00,2025-05-16T20:53:00,"['s119', 's111']",['Horror'],20,3,2,True
u016,2025-05-15T09:53:00,2025-05-15T10:34:00,"['s109', 's075', 's145']",['Thriller'],41,0,0,True
u065,2025-05-23T13:06:00,2025-05-23T14:15:00,"['s184', 's145', 's064']","['Action', 'Thriller']",69,0,0,True
u094,2025-05-15T14:11:00,2025-05-15T16:01:00,['s100'],['Drama'],110,3,2,False
u075,2025-05-13T14:48:00,2025-05-13T16:23:00,"['s159', 's067']","['Horror', 'Sci-Fi']",95,1,1,True
u095,2025-05-17T08:55:00,2025-05-17T10:31:00,['s111'],['Drama'],96,3,0,True
u021,2025-05-16T15:29:00,2025-05-16T17:07:00,"['s168', 's190']","['Action', 'Thriller']",98,4,2,False
u038,2025-06-03T04:08:00,2025-06-03T04:19:00,['s028'],['Comedy'],11,1,0,True
u061,2025-05-16T04:41:00,2025-05-16T05:21:00,"['s160', 's137']",['Drama'],40,2,3,True
u060,2025-05-23T00:07:00,2025-05-23T00:38:00,['s189'],"['Romance', 'Horror']",31,0,3,True
u025,2025-05-27T18:53:00,2025-05-27T20:49:00,"['s013', 's085']",['Drama'],116,5,3,False
u063,2025-05-13T18:38:00,2025-05-13T20:21:00,"['s074', 's009', 's124']","['Romance', 'Thriller']",103,4,3,True
u091,2025-06-04T16:01:00,2025-06-04T17:05:00,"['s080', 's141', 's016']","['Comedy', 'Romance']",64,3,0,False
u079,2025-05-16T11:28:00,2025-05-16T13:07:00,"['s005', 's041']","['Comedy', 'Sci-Fi']",99,3,2,False
u029,2025-05-20T07:37:00,2025-05-20T09:14:00,"['s154', 's183']","['Sci-Fi', 'Action']",97,5,3,False
u086,2025-05-16T23:23:00,2025-05-17T01:14:00,"['s041', 's159']",['Action'],111,5,0,False
u016,2025-05-31T06:10:00,2025-05-31T07:37:00,"['s025', 's106']","['Action', 'Sci-Fi']",87,1,0,True
u045,2025-05-08T08:22:00,2025-05-08T09:58:00,['s044'],['Horror'],96,0,2,False
u014,2025-05-17T07:07:00,2025-05-17T08:28:00,['s124'],"['Action', 'Horror']",81,0,2,True
u088,2025-05-09T16:38:00,2025-05-09T18:13:00,['s180'],['Romance'],95,3,0,True
u078,2025-05-17T03:52:00,2025-05-17T05:13:00,['s129'],['Sci-Fi'],81,5,0,True
u046,2025-05-31T23:18:00,2025-06-01T00:58:00,"['s195', 's129']","['Comedy', 'Drama']",100,1,2,False
u017,2025-06-02T06:28:00,2025-06-02T07:31:00,['s062'],"['Action', 'Horror']",63,4,1,True
u034,2025-05-25T22:48:00,2025-05-25T23:51:00,"['s161', 's170']",['Sci-Fi'],63,4,3,True
u017,2025-05-11T13:26:00,2025-05-11T14:28:00,"['s132', 's174']","['Drama', 'Romance']",62,1,0,True
u010,2025-05-26T10:25:00,2025-05-26T12:13:00,['s111'],['Romance'],108,0,1,True
u080,2025-05-14T21:56:00,2025-05-14T23:12:00,"['s107', 's102']","['Comedy', 'Horror']",76,2,2,True
u035,2025-05-08T16:39:00,2025-05-08T17:07:00,"['s103', 's114', 's164']",['Thriller'],28,4,3,False
u083,2025-05-24T06:56:00,2025-05-24T07:44:00,['s009'],"['Romance', 'Comedy']",48,5,1,False
u027,2025-06-03T16:35:00,2025-06-03T17:24:00,"['s087', 's193', 's162']",['Drama'],49,0,2,True
u099,2025-05-27T23:27:00,2025-05-28T00:41:00,['s187'],['Horror'],74,2,2,False
u015,2025-06-04T20:07:00,2025-06-04T21:14:00,"['s146', 's188']",['Romance'],67,2,1,True
u044,2025-05-27T09:42:00,2025-05-27T11:32:00,"['s146', 's172', 's035']","['Thriller', 'Comedy']",110,1,0,False
u066,2025-05-18T06:52:00,2025-05-18T08:41:00,"['s116', 's025']",['Comedy'],109,3,3,True
u011,2025-06-04T13:56:00,2025-06-04T14:22:00,"['s054', 's114']",['Action'],26,5,3,False
u033,2025-05-18T15:40:00,2025-05-18T16:44:00,"['s176', 's125']","['Horror', 'Sci-Fi']",64,1,1,False
u091,2025-05-22T04:45:00,2025-05-22T06:00:00,"['s030', 's177', 's054']","['Romance', 'Drama']",75,5,1,False
u015,2025-05-17T13:07:00,2025-05-17T13:32:00,"['s146', 's074']",['Thriller'],25,1,0,False
u039,2025-05-25T09:18:00,2025-05-25T10:30:00,['s036'],['Horror'],72,4,3,True
u039,2025-05-08T09:13:00,2025-05-08T09:46:00,"['s125', 's000', 's031']","['Drama', 'Horror']",33,3,3,False
u072,2025-05-22T10:50:00,2025-05-22T11:48:00,"['s184', 's155']",['Horror'],58,1,3,False
u085,2025-05-22T04:55:00,2025-05-22T06:38:00,"['s022', 's159']","['Romance', 'Sci-Fi']",103,3,2,True
u085,2025-05-08T14:47:00,2025-05-08T15:32:00,"['s022', 's042', 's181']",['Thriller'],45,5,2,True
u082,2025-05-19T02:12:00,2025-05-19T03:41:00,"['s147', 's193', 's013']",['Horror'],89,3,0,True
u084,2025-05-07T17:11:00,2025-05-07T17:23:00,"['s052', 's062']","['Drama', 'Thriller']",12,4,2,False
u075,2025-06-04T15:55:00,2025-06-04T16:07:00,"['s111', 's046']","['Drama', 'Thriller']",12,2,3,False
u011,2025-06-02T03:34:00,2025-06-02T04:05:00,"['s036', 's046']","['Horror', 'Drama']",31,1,2,False
u086,2025-05-31T01:39:00,2025-05-31T02:30:00,['s006'],['Action'],51,3,0,False
u018,2025-05-23T10:16:00,2025-05-23T11:14:00,['s013'],['Sci-Fi'],58,4,1,False
u065,2025-05-12T16:24:00,2025-05-12T16:48:00,"['s015', 's081']","['Thriller', 'Romance']",24,0,3,True
u052,2025-05-16T07:58:00,2025-05-16T08:10:00,"['s141', 's150']",['Sci-Fi'],12,4,1,False
u072,2025-05-23T14:05:00,2025-05-23T16:03:00,"['s128', 's052', 's036']","['Thriller', 'Sci-Fi']",118,1,3,False
u005,2025-06-05T14:53:00,2025-06-05T16:22:00,"['s167', 's042']",['Drama'],89,3,2,False
u087,2025-05-24T11:53:00,2025-05-24T13:23:00,['s149'],"['Drama', 'Sci-Fi']",90,5,0,False
u011,2025-05-24T22:07:00,2025-05-25T00:03:00,['s185'],"['Romance', 'Sci-Fi']",116,4,2,False
u081,2025-05-28T22:28:00,2025-05-28T23:12:00,['s169'],"['Action', 'Sci-Fi']",44,3,2,True
u088,2025-06-01T20:59:00,2025-06-01T21:09:00,"['s121', 's001', 's002']",['Romance'],10,4,3,False
u068,2025-06-03T20:41:00,2025-06-03T21:00:00,"['s007', 's171', 's113']",['Action'],19,3,2,False
u022,2025-05-10T22:00:00,2025-05-10T22:25:00,"['s094', 's049']","['Drama', 'Sci-Fi']",25,5,0,False
u087,2025-05-07T22:22:00,2025-05-07T22:56:00,['s157'],"['Horror', 'Comedy']",34,1,1,False
u046,2025-06-04T08:31:00,2025-06-04T10:11:00,"['s155', 's053', 's001']",['Horror'],100,5,3,True
u035,2025-05-18T16:31:00,2025-05-18T17:02:00,"['s049', 's168', 's189']",['Drama'],31,4,1,True
u016,2025-05-28T18:54:00,2025-05-28T19:33:00,"['s186', 's070', 's049']",['Comedy'],39,5,2,False
u000,2025-05-23T20:43:00,2025-05-23T22:16:00,['s082'],"['Horror', 'Romance']",93,2,0,False
u063,2025-05-25T16:48:00,2025-05-25T17:03:00,"['s057', 's012', 's071']","['Thriller', 'Romance']",15,2,0,False
u024,2025-05-26T02:56:00,2025-05-26T04:19:00,['s188'],['Comedy'],83,3,0,True
u025,2025-05-31T10:19:00,2025-05-31T10:37:00,"['s160', 's024', 's007']","['Romance', 'Drama']",18,4,2,False
u031,2025-06-02T15:15:00,2025-06-02T16:08:00,['s085'],['Drama'],53,4,3,True
u080,2025-05-22T18:07:00,2025-05-22T18:27:00,['s008'],"['Action', 'Comedy']",20,0,1,True
u056,2025-06-04T09:39:00,2025-06-04T11:09:00,"['s016', 's026']",['Thriller'],90,0,2,False
u051,2025-06-02T19:48:00,2025-06-02T20:50:00,['s153'],['Romance'],62,3,3,False
u079,2025-05-17T03:21:00,2025-05-17T04:54:00,"['s006', 's116', 's132']","['Thriller', 'Sci-Fi']",93,0,0,True
u076,2025-05-14T02:37:00,2025-05-14T04:28:00,['s146'],['Comedy'],111,4,2,False
u053,2025-05-21T23:39:00,2025-05-22T00:45:00,['s062'],['Horror'],66,0,0,True
u039,2025-05-18T13:32:00,2025-05-18T15:05:00,"['s079', 's149']",['Sci-Fi'],93,3,2,False
u037,2025-05-25T00:33:00,2025-05-25T01:58:00,"['s173', 's037', 's014']",['Thriller'],85,4,0,False
u044,2025-05-30T06:40:00,2025-05-30T07:15:00,['s087'],['Comedy'],35,3,3,False
u074,2025-05-18T10:39:00,2025-05-18T11:27:00,"['s084', 's041']",['Romance'],48,0,3,True
u000,2025-05-16T07:44:00,2025-05-16T08:23:00,"['s159', 's054']",['Romance'],39,5,2,False
u026,2025-05-24T05:52:00,2025-05-24T06:02:00,"['s002', 's018']","['Drama', 'Thriller']",10,0,1,False
u056,2025-05-30T20:37:00,2025-05-30T22:24:00,"['s011', 's007']",['Sci-Fi'],107,2,1,True
u033,2025-05-13T05:21:00,2025-05-13T07:19:00,"['s062', 's045', 's050']",['Sci-Fi'],118,2,0,True
u086,2025-06-01T12:41:00,2025-06-01T14:31:00,['s086'],['Action'],110,3,1,False
u047,2025-05-15T05:33:00,2025-05-15T07:25:00,"['s111', 's182', 's016']",['Sci-Fi'],112,1,1,True
u068,2025-05-24T22:23:00,2025-05-24T23:13:00,"['s109', 's162', 's062']",['Horror'],50,4,1,False
u019,2025-05-26T07:03:00,2025-05-26T08:33:00,"['s032', 's130']","['Sci-Fi', 'Comedy']",90,0,3,True
u021,2025-05-20T12:48:00,2025-05-20T14:20:00,"['s095', 's127', 's132']","['Sci-Fi', 'Action']",92,5,2,False
u091,2025-05-21T15:17:00,2025-05-21T16:41:00,"['s163', 's149']",['Sci-Fi'],84,1,1,False
u030,2025-05-24T06:19:00,2025-05-24T07:23:00,"['s146', 's040']","['Action', 'Thriller']",64,0,1,True
u037,2025-05-22T16:22:00,2025-05-22T17:01:00,"['s010', 's119', 's131']","['Romance', 'Horror']",39,3,3,False
u047,2025-05-11T15:20:00,2025-05-11T16:04:00,"['s006', 's045']","['Sci-Fi', 'Action']",44,5,0,False
u010,2025-05-27T16:32:00,2025-05-27T17:51:00,"['s020', 's070', 's058']",['Drama'],79,0,2,True
u069,2025-05-30T10:12:00,2025-05-30T11:48:00,"['s064', 's077']","['Sci-Fi', 'Comedy']",96,4,1,False
u001,2025-05-12T09:18:00,2025-05-12T11:13:00,"['s103', 's148']",['Romance'],115,5,1,False
u029,2025-05-29T23:47:00,2025-05-30T00:23:00,"['s059', 's132']","['Comedy', 'Romance']",36,2,0,False
u024,2025-05-23T22:26:00,2025-05-23T23:02:00,"['s115', 's142']",['Action'],36,1,1,False
u094,2025-06-05T15:51:00,2025-06-05T17:25:00,"['s086', 's057']","['Romance', 'Comedy']",94,3,2,False
u075,2025-06-05T18:50:00,2025-06-05T19:04:00,['s039'],"['Thriller', 'Comedy']",14,4,3,False
u026,2025-05-24T02:34:00,2025-05-24T03:33:00,['s121'],['Action'],59,4,3,False
u011,2025-05-31T03:43:00,2025-05-31T05:03:00,['s008'],"['Drama', 'Sci-Fi']",80,1,0,False
u036,2025-05-30T07:18:00,2025-05-30T08:52:00,"['s017', 's116', 's014']","['Thriller', 'Drama']",94,1,2,False
u050,2025-05-31T03:08:00,2025-05-31T04:26:00,"['s122', 's190']",['Romance'],78,1,1,True
u039,2025-05-23T22:42:00,2025-05-23T23:52:00,['s154'],"['Thriller', 'Sci-Fi']",70,4,3,False
u025,2025-06-05T04:28:00,2025-06-05T04:46:00,"['s154', 's063']","['Thriller', 'Romance']",18,3,3,True
u094,2025-06-03T09:41:00,2025-06-03T10:49:00,"['s179', 's182']","['Romance', 'Thriller']",68,1,3,True
u022,2025-05-08T19:46:00,2025-05-08T20:51:00,"['s098', 's168']",['Comedy'],65,4,0,False
u089,2025-06-04T07:56:00,2025-06-04T08:26:00,"['s160', 's137']","['Comedy', 'Drama']",30,5,1,False
u052,2025-05-12T17:07:00,2025-05-12T18:04:00,['s193'],['Thriller'],57,2,3,False
u021,2025-05-28T06:32:00,2025-05-28T06:47:00,"['s006', 's018']","['Romance', 'Action']",15,5,3,True
u050,2025-06-04T00:16:00,2025-06-04T00:40:00,"['s034', 's083', 's171']","['Romance', 'Horror']",24,0,0,True
u091,2025-05-22T04:30:00,2025-05-22T06:25:00,"['s041', 's043']",['Thriller'],115,0,1,False
u015,2025-05-19T23:25:00,2025-05-19T23:56:00,['s171'],['Comedy'],31,2,1,False
u045,2025-05-31T06:45:00,2025-05-31T06:59:00,"['s136', 's055', 's113']",['Horror'],14,5,0,False
u088,2025-05-27T14:03:00,2025-05-27T15:29:00,['s012'],"['Horror', 'Sci-Fi']",86,1,2,True
u025,2025-06-03T00:26:00,2025-06-03T00:39:00,['s086'],['Comedy'],13,5,0,True
u012,2025-05-11T21:10:00,2025-05-11T22:52:00,['s011'],"['Thriller', 'Drama']",102,2,2,True
u079,2025-05-30T17:25:00,2025-05-30T18:29:00,['s059'],['Drama'],64,2,2,True
u001,2025-05-24T20:20:00,2025-05-24T20:31:00,"['s054', 's117']",['Drama'],11,5,2,False
u005,2025-06-03T06:26:00,2025-06-03T07:14:00,"['s127', 's026', 's182']",['Action'],48,0,2,False
u086,2025-05-07T22:08:00,2025-05-07T23:00:00,['s162'],"['Horror', 'Comedy']",52,3,0,False
u002,2025-05-17T18:28:00,2025-05-17T19:26:00,"['s163', 's189', 's059']",['Sci-Fi'],58,0,0,False
u030,2025-05-13T13:48:00,2025-05-13T14:29:00,"['s020', 's015', 's035']","['Romance', 'Action']",41,1,1,False
u026,2025-05-16T01:15:00,2025-05-16T02:57:00,"['s113', 's189', 's084']",['Action'],102,2,0,False
u082,2025-05-10T09:48:00,2025-05-10T10:01:00,['s187'],"['Action', 'Sci-Fi']",13,1,0,True
u087,2025-05-14T23:14:00,2025-05-15T00:41:00,"['s133', 's082']",['Romance'],87,5,0,True
u062,2025-06-03T06:03:00,2025-06-03T07:34:00,['s052'],['Drama'],91,1,1,True
u064,2025-06-03T13:46:00,2025-06-03T14:55:00,"['s042', 's184']",['Sci-Fi'],69,3,1,True
u038,2025-05-27T18:28:00,2025-05-27T19:59:00,['s069'],"['Drama', 'Action']",91,3,3,True
u060,2025-05-22T13:32:00,2025-05-22T15:00:00,"['s110', 's194', 's039']","['Drama', 'Romance']",88,3,0,False
u076,2025-05-19T04:35:00,2025-05-19T06:18:00,['s065'],"['Romance', 'Action']",103,3,2,False
u071,2025-05-17T15:04:00,2025-05-17T15:56:00,['s183'],"['Sci-Fi', 'Horror']",52,1,0,True
u064,2025-05-13T23:23:00,2025-05-14T00:35:00,"['s106', 's101']","['Romance', 'Horror']",72,2,0,False
u004,2025-05-07T03:24:00,2025-05-07T04:46:00,['s049'],"['Action', 'Comedy']",82,2,3,False
u089,2025-06-04T20:24:00,2025-06-04T21:28:00,"['s063', 's062', 's122']",['Horror'],64,2,0,True
u033,2025-05-17T14:43:00,2025-05-17T15:11:00,"['s063', 's154']",['Drama'],28,0,0,False
u050,2025-05-14T18:57:00,2025-05-14T19:17:00,"['s048', 's108', 's042']","['Action', 'Comedy']",20,2,3,False
u093,2025-05-23T23:55:00,2025-05-24T00:16:00,['s162'],"['Horror', 'Sci-Fi']",21,2,1,False
u089,2025-05-27T00:10:00,2025-05-27T02:04:00,"['s000', 's024']",['Horror'],114,5,3,False
u083,2025-05-27T23:27:00,2025-05-27T23:58:00,['s095'],['Comedy'],31,1,1,False
u023,2025-05-20T03:28:00,2025-05-20T04:50:00,['s047'],['Drama'],82,5,1,True
u033,2025-05-08T13:28:00,2025-05-08T14:58:00,"['s027', 's162', 's042']",['Action'],90,0,3,True
u035,2025-06-03T10:01:00,2025-06-03T11:25:00,['s122'],"['Comedy', 'Drama']",84,0,0,False
u096,2025-06-05T21:37:00,2025-06-05T23:28:00,['s024'],['Thriller'],111,0,3,False
u062,2025-05-21T10:38:00,2025-05-21T11:42:00,"['s094', 's174']","['Action', 'Sci-Fi']",64,2,3,False
u078,2025-06-04T11:55:00,2025-06-04T12:47:00,['s000'],"['Horror', 'Comedy']",52,3,1,True
u077,2025-06-02T16:17:00,2025-06-02T17:56:00,['s094'],"['Thriller', 'Comedy']",99,5,3,False
u084,2025-05-30T00:40:00,2025-05-30T02:34:00,"['s004', 's162']","['Horror', 'Drama']",114,5,2,False
u029,2025-05-17T15:25:00,2025-05-17T17:09:00,"['s020', 's089', 's109']","['Comedy', 'Horror']",104,0,3,False
u077,2025-05-30T22:09:00,2025-05-30T23:25:00,"['s183', 's129', 's008']",['Romance'],76,0,2,False
u021,2025-05-08T14:07:00,2025-05-08T15:18:00,"['s138', 's061', 's062']",['Sci-Fi'],71,5,0,True
u055,2025-05-14T00:10:00,2025-05-14T01:01:00,"['s196', 's071']",['Comedy'],51,2,3,True
u085,2025-06-01T17:40:00,2025-06-01T19:22:00,"['s023', 's177']","['Horror', 'Sci-Fi']",102,4,0,False
u048,2025-05-07T22:47:00,2025-05-08T00:31:00,"['s097', 's167', 's164']","['Horror', 'Sci-Fi']",104,1,2,True
u037,2025-06-03T03:05:00,2025-06-03T03:58:00,"['s151', 's048', 's190']",['Thriller'],53,2,1,False
u048,2025-05-18T23:00:00,2025-05-18T23:49:00,['s151'],['Horror'],49,3,3,False
u098,2025-05-25T21:59:00,2025-05-25T23:50:00,['s133'],['Drama'],111,3,0,False
u040,2025-06-01T09:53:00,2025-06-01T10:31:00,"['s174', 's116']",['Thriller'],38,2,1,True
u076,2025-05-26T09:32:00,2025-05-26T11:10:00,['s070'],"['Comedy', 'Sci-Fi']",98,3,2,False
u007,2025-05-11T10:09:00,2025-05-11T12:04:00,"['s053', 's187', 's057']",['Horror'],115,1,3,False
u038,2025-05-10T21:58:00,2025-05-10T23:56:00,['s005'],"['Action', 'Romance']",118,5,3,False
u096,2025-05-24T12:04:00,2025-05-24T13:21:00,"['s072', 's178', 's049']","['Drama', 'Sci-Fi']",77,2,0,False
u058,2025-05-16T05:36:00,2025-05-16T06:03:00,"['s178', 's123']","['Sci-Fi', 'Horror']",27,1,1,True
u046,2025-05-13T18:06:00,2025-05-13T19:42:00,['s096'],"['Comedy', 'Sci-Fi']",96,0,0,False
u060,2025-05-31T01:07:00,2025-05-31T02:22:00,"['s086', 's151', 's111']",['Comedy'],75,5,3,True
u004,2025-06-02T07:25:00,2025-06-02T08:37:00,"['s176', 's152']",['Comedy'],72,5,3,True
u099,2025-05-22T20:24:00,2025-05-22T21:09:00,"['s167', 's113', 's094']",['Drama'],45,0,0,True
u062,2025-05-16T21:58:00,2025-05-16T23:13:00,['s005'],"['Action', 'Comedy']",75,5,0,True
u049,2025-05-21T20:44:00,2025-05-21T21:49:00,"['s146', 's032']",['Action'],65,0,1,False
u089,2025-06-05T12:35:00,2025-06-05T14:29:00,"['s135', 's125', 's016']",['Horror'],114,1,0,True
u076,2025-05-14T05:00:00,2025-05-14T06:21:00,"['s080', 's031']",['Sci-Fi'],81,4,1,True
u011,2025-05-19T08:54:00,2025-05-19T10:40:00,['s021'],['Thriller'],106,2,2,True
u054,2025-05-15T00:15:00,2025-05-15T01:03:00,['s132'],"['Comedy', 'Thriller']",48,3,1,False
u088,2025-05-26T16:58:00,2025-05-26T17:53:00,"['s137', 's130', 's053']",['Comedy'],55,0,1,True
u024,2025-06-01T09:54:00,2025-06-01T11:50:00,['s034'],['Thriller'],116,2,2,True
u093,2025-05-17T13:04:00,2025-05-17T14:24:00,"['s066', 's097']",['Romance'],80,3,0,False
u086,2025-05-23T22:09:00,2025-05-23T23:27:00,['s018'],"['Comedy', 'Horror']",78,5,1,False
u072,2025-05-15T20:52:00,2025-05-15T22:07:00,"['s041', 's107', 's039']","['Horror', 'Romance']",75,3,0,True
u009,2025-05-28T03:34:00,2025-05-28T03:58:00,"['s140', 's104', 's016']","['Comedy', 'Drama']",24,2,2,False
u018,2025-05-09T07:17:00,2025-05-09T07:28:00,['s096'],['Romance'],11,0,0,True
u067,2025-05-13T09:37:00,2025-05-13T11:32:00,"['s024', 's135']","['Comedy', 'Thriller']",115,2,2,True
u006,2025-05-31T10:48:00,2025-05-31T11:47:00,['s088'],"['Romance', 'Thriller']",59,1,2,True
u087,2025-05-20T22:09:00,2025-05-20T23:43:00,['s036'],"['Thriller', 'Comedy']",94,2,0,False
u090,2025-05-12T07:43:00,2025-05-12T09:10:00,"['s180', 's117']",['Romance'],87,2,3,False
u035,2025-05-23T16:45:00,2025-05-23T18:39:00,['s078'],['Action'],114,3,2,True
u081,2025-06-03T02:46:00,2025-06-03T03:26:00,['s042'],['Drama'],40,5,2,False
u001,2025-05-23T21:32:00,2025-05-23T23:15:00,['s122'],"['Thriller', 'Comedy']",103,5,0,False
u001,2025-05-17T06:58:00,2025-05-17T08:54:00,"['s001', 's182', 's108']","['Sci-Fi', 'Comedy']",116,5,0,False
u021,2025-05-15T16:57:00,2025-05-15T17:35:00,['s019'],"['Horror', 'Sci-Fi']",38,4,2,True
u054,2025-05-21T12:10:00,2025-05-21T13:07:00,['s086'],['Horror'],57,4,0,False
u038,2025-05-21T09:16:00,2025-05-21T09:53:00,['s188'],"['Sci-Fi', 'Action']",37,5,0,False
u079,2025-05-09T15:03:00,2025-05-09T15:58:00,['s157'],"['Action', 'Horror']",55,2,0,True
u044,2025-05-08T23:11:00,2025-05-09T00:12:00,"['s002', 's025']","['Romance', 'Sci-Fi']",61,0,1,False
u015,2025-05-07T15:00:00,2025-05-07T15:29:00,"['s064', 's057', 's120']","['Action', 'Horror']",29,2,3,True
u068,2025-05-11T08:06:00,2025-05-11T09:12:00,"['s112', 's041', 's035']","['Comedy', 'Romance']",66,0,2,True
u014,2025-05-30T09:02:00,2025-05-30T09:29:00,"['s107', 's190']","['Drama', 'Sci-Fi']",27,5,1,False
u085,2025-05-28T03:26:00,2025-05-28T04:38:00,"['s126', 's174', 's182']",['Action'],72,3,3,True
u014,2025-06-02T00:08:00,2025-06-02T00:37:00,"['s128', 's003']",['Drama'],29,5,2,False
u076,2025-05-13T00:27:00,2025-05-13T01:38:00,"['s072', 's124']",['Horror'],71,3,1,True
u093,2025-05-20T05:15:00,2025-05-20T06:00:00,['s067'],['Comedy'],45,3,1,False
u090,2025-05-11T03:44:00,2025-05-11T05:27:00,"['s156', 's046', 's048']",['Sci-Fi'],103,0,1,False
u004,2025-05-28T06:59:00,2025-05-28T07:27:00,"['s004', 's157']",['Drama'],28,0,3,False
u067,2025-05-27T22:40:00,2025-05-27T23:19:00,['s086'],"['Romance', 'Drama']",39,4,3,True
u038,2025-06-02T08:23:00,2025-06-02T09:08:00,"['s182', 's107']",['Action'],45,0,1,True
u000,2025-06-04T21:47:00,2025-06-04T22:38:00,['s073'],"['Action', 'Thriller']",51,0,3,True
u032,2025-05-21T11:21:00,2025-05-21T12:09:00,['s024'],['Comedy'],48,4,1,False
u046,2025-05-13T11:47:00,2025-05-13T13:36:00,"['s135', 's154', 's095']",['Comedy'],109,2,1,False
u011,2025-05-08T03:08:00,2025-05-08T04:38:00,"['s154', 's030', 's010']",['Sci-Fi'],90,5,3,True
u009,2025-05-19T19:21:00,2025-05-19T20:09:00,"['s121', 's194', 's051']",['Drama'],48,1,1,False
u070,2025-05-14T08:57:00,2025-05-14T10:44:00,"['s088', 's093', 's114']",['Romance'],107,0,3,False
u067,2025-05-07T16:50:00,2025-05-07T17:02:00,['s153'],"['Comedy', 'Sci-Fi']",12,2,0,True
u088,2025-05-30T23:52:00,2025-05-31T00:52:00,"['s175', 's136']",['Sci-Fi'],60,3,3,False
u051,2025-05-17T08:13:00,2025-05-17T08:46:00,['s040'],['Thriller'],33,5,0,False
u064,2025-05-14T23:33:00,2025-05-15T00:16:00,"['s056', 's075']","['Thriller', 'Drama']",43,1,1,True
u068,2025-05-29T09:02:00,2025-05-29T10:33:00,['s071'],['Action'],91,0,1,True
u068,2025-06-02T00:41:00,2025-06-02T01:35:00,"['s154', 's094', 's083']",['Comedy'],54,4,2,True
u052,2025-05-08T19:18:00,2025-05-08T20:09:00,['s160'],['Horror'],51,2,1,False
u022,2025-05-28T00:34:00,2025-05-28T02:08:00,"['s027', 's184', 's190']","['Comedy', 'Action']",94,5,1,False
u028,2025-05-26T08:13:00,2025-05-26T09:37:00,"['s192', 's101', 's039']","['Sci-Fi', 'Comedy']",84,5,3,False
u018,2025-05-08T15:05:00,2025-05-08T16:18:00,['s117'],['Horror'],73,1,1,False
u093,2025-05-31T20:18:00,2025-05-31T20:30:00,"['s041', 's045']","['Comedy', 'Thriller']",12,1,0,True
u009,2025-05-23T07:29:00,2025-05-23T09:01:00,"['s025', 's185']",['Comedy'],92,0,0,False
u049,2025-06-05T03:52:00,2025-06-05T04:03:00,"['s011', 's033', 's063']",['Action'],11,1,0,True
u013,2025-05-19T23:52:00,2025-05-20T00:45:00,"['s021', 's051', 's035']","['Horror', 'Thriller']",53,3,1,False
u042,2025-05-21T04:15:00,2025-05-21T04:32:00,"['s177', 's068', 's160']",['Drama'],17,0,0,False
u013,2025-05-20T13:09:00,2025-05-20T13:19:00,['s006'],['Romance'],10,3,1,False
u083,2025-05-27T07:58:00,2025-05-27T09:35:00,"['s175', 's183']",['Romance'],97,1,0,True
u013,2025-05-27T11:04:00,2025-05-27T12:32:00,"['s030', 's092']",['Drama'],88,4,1,True
u054,2025-05-20T10:38:00,2025-05-20T11:11:00,"['s108', 's038', 's170']","['Thriller', 'Action']",33,2,0,False
u063,2025-05-15T11:59:00,2025-05-15T12:42:00,"['s019', 's000', 's038']",['Action'],43,1,3,False
u092,2025-05-11T15:52:00,2025-05-11T16:10:00,['s147'],"['Comedy', 'Action']",18,1,0,False
u016,2025-05-31T12:22:00,2025-05-31T13:12:00,"['s108', 's123']","['Thriller', 'Comedy']",50,2,1,True
u049,2025-05-23T17:31:00,2025-05-23T18:49:00,"['s126', 's136', 's137']",['Romance'],78,0,3,True
u089,2025-06-03T07:23:00,2025-06-03T07:33:00,['s004'],"['Thriller', 'Romance']",10,1,0,True
u044,2025-05-25T04:18:00,2025-05-25T05:26:00,['s141'],"['Sci-Fi', 'Horror']",68,1,0,True
u015,2025-05-14T22:09:00,2025-05-14T23:07:00,"['s006', 's178', 's108']","['Drama', 'Comedy']",58,0,0,False
u076,2025-05-09T05:01:00,2025-05-09T05:29:00,"['s036', 's020']",['Drama'],28,0,3,True
u097,2025-05-31T15:47:00,2025-05-31T16:14:00,"['s135', 's178', 's076']","['Romance', 'Comedy']",27,2,3,True
u036,2025-06-02T04:03:00,2025-06-02T05:35:00,['s154'],['Thriller'],92,1,0,False
u054,2025-05-15T14:35:00,2025-05-15T16:16:00,"['s146', 's128']","['Comedy', 'Sci-Fi']",101,3,1,False
u011,2025-05-20T12:08:00,2025-05-20T13:53:00,['s102'],['Sci-Fi'],105,3,1,True
u088,2025-05-22T15:20:00,2025-05-22T16:53:00,"['s103', 's097', 's042']",['Horror'],93,2,3,True
u034,2025-06-02T03:04:00,2025-06-02T04:00:00,"['s199', 's085', 's007']",['Action'],56,1,0,True
u027,2025-05-17T00:48:00,2025-05-17T01:37:00,['s141'],['Comedy'],49,0,1,False
u010,2025-05-18T18:02:00,2025-05-18T19:24:00,"['s011', 's012']","['Drama', 'Action']",82,0,2,False
u050,2025-05-20T06:20:00,2025-05-20T08:06:00,"['s185', 's091']",['Comedy'],106,5,0,False
u052,2025-05-08T23:32:00,2025-05-08T23:54:00,"['s198', 's038', 's006']","['Romance', 'Thriller']",22,0,2,True
u019,2025-05-15T14:05:00,2025-05-15T15:35:00,['s183'],['Sci-Fi'],90,5,1,True
u064,2025-05-20T23:38:00,2025-05-21T01:11:00,"['s196', 's087', 's114']",['Action'],93,2,2,False
u005,2025-05-08T22:49:00,2025-05-09T00:26:00,"['s061', 's053']",['Sci-Fi'],97,4,3,True
u001,2025-06-01T09:35:00,2025-06-01T11:27:00,['s127'],['Romance'],112,2,1,False
u020,2025-06-03T08:36:00,2025-06-03T09:32:00,"['s022', 's018']",['Comedy'],56,3,2,False
u032,2025-05-12T14:41:00,2025-05-12T15:08:00,['s145'],"['Drama', 'Action']",27,2,3,False
u079,2025-05-07T21:08:00,2025-05-07T22:14:00,"['s131', 's159']","['Action', 'Drama']",66,5,3,False
u033,2025-05-08T21:02:00,2025-05-08T22:31:00,"['s014', 's189', 's062']",['Sci-Fi'],89,0,2,False
u020,2025-05-18T12:54:00,2025-05-18T13:13:00,['s099'],"['Comedy', 'Drama']",19,2,3,False
u082,2025-05-19T14:06:00,2025-05-19T14:26:00,['s187'],['Romance'],20,3,1,False
u042,2025-06-03T10:21:00,2025-06-03T11:48:00,"['s054', 's179']","['Drama', 'Action']",87,3,0,True
u060,2025-06-01T20:13:00,2025-06-01T21:03:00,"['s008', 's153', 's198']","['Drama', 'Action']",50,3,3,True
u006,2025-05-30T00:48:00,2025-05-30T02:25:00,"['s069', 's064']",['Drama'],97,1,0,False
u051,2025-06-03T09:55:00,2025-06-03T11:36:00,"['s107', 's134']",['Comedy'],101,2,1,True
u011,2025-05-08T13:21:00,2025-05-08T15:07:00,"['s042', 's050']","['Romance', 'Horror']",106,3,1,False
u045,2025-05-07T22:36:00,2025-05-07T23:35:00,['s143'],['Drama'],59,5,1,False
u085,2025-05-10T23:47:00,2025-05-11T01:42:00,"['s187', 's081', 's003']",['Romance'],115,1,3,False
u014,2025-05-11T21:26:00,2025-05-11T22:09:00,"['s184', 's000', 's115']",['Comedy'],43,3,0,True
u027,2025-05-13T06:26:00,2025-05-13T08:05:00,"['s198', 's042', 's153']","['Sci-Fi', 'Action']",99,1,1,True
u047,2025-05-10T11:01:00,2025-05-10T11:49:00,"['s128', 's031']","['Comedy', 'Romance']",48,3,3,False
u045,2025-05-10T17:27:00,2025-05-10T18:43:00,"['s029', 's045']","['Romance', 'Action']",76,1,1,False
u048,2025-05-27T21:44:00,2025-05-27T23:21:00,"['s162', 's072']",['Drama'],97,0,0,True
u078,2025-05-07T13:06:00,2025-05-07T14:19:00,"['s192', 's159', 's139']",['Comedy'],73,3,0,False
u053,2025-05-30T07:49:00,2025-05-30T08:57:00,"['s097', 's029', 's050']","['Drama', 'Action']",68,3,3,False
u000,2025-05-25T07:32:00,2025-05-25T08:18:00,"['s168', 's067']","['Horror', 'Romance']",46,5,1,True
u053,2025-06-04T00:01:00,2025-06-04T00:30:00,"['s132', 's189']","['Action', 'Sci-Fi']",29,4,3,True
u071,2025-05-24T06:39:00,2025-05-24T08:11:00,"['s013', 's147']","['Sci-Fi', 'Comedy']",92,3,1,False
u040,2025-05-20T05:27:00,2025-05-20T06:06:00,['s181'],['Thriller'],39,0,3,False
u070,2025-05-31T10:13:00,2025-05-31T10:34:00,['s006'],"['Drama', 'Comedy']",21,4,1,True
u079,2025-05-14T17:58:00,2025-05-14T18:18:00,"['s097', 's006', 's190']",['Romance'],20,5,2,True
u030,2025-05-16T07:19:00,2025-05-16T07:53:00,"['s062', 's185', 's199']","['Horror', 'Action']",34,5,0,False
u010,2025-05-07T04:40:00,2025-05-07T04:52:00,"['s148', 's026', 's028']","['Thriller', 'Drama']",12,0,1,False
u033,2025-05-08T05:05:00,2025-05-08T05:24:00,"['s092', 's053']","['Drama', 'Romance']",19,0,3,True
u062,2025-05-16T02:13:00,2025-05-16T03:50:00,"['s096', 's080']","['Horror', 'Sci-Fi']",97,1,2,True
u022,2025-05-15T18:40:00,2025-05-15T20:07:00,['s030'],"['Action', 'Romance']",87,4,0,True
u066,2025-05-13T08:59:00,2025-05-13T09:24:00,['s155'],['Thriller'],25,0,1,True
u046,2025-06-02T06:01:00,2025-06-02T06:52:00,['s056'],['Comedy'],51,5,1,False
u035,2025-05-21T06:05:00,2025-05-21T06:59:00,"['s141', 's166', 's075']","['Comedy', 'Romance']",54,3,3,True
u032,2025-05-31T06:43:00,2025-05-31T08:41:00,"['s071', 's100', 's026']","['Sci-Fi', 'Horror']",118,5,3,False
u057,2025-05-23T19:47:00,2025-05-23T20:31:00,"['s159', 's027']","['Romance', 'Sci-Fi']",44,4,2,False
u080,2025-05-10T02:28:00,2025-05-10T02:59:00,['s130'],"['Thriller', 'Romance']",31,2,2,False
